Type,Air temperature [K],Process temperature [K],Rotational speed [rpm],Torque [Nm],Tool wear [min],Target,Failure Type
L,298.1,308.2,1482,37.9,17,0,No Failure
L,299.5,308.7,2549,13,179,1,Power Failure
L,297.4,308.5,2100,16.9,176,0,No Failure
M,298.9,309,1812,25.9,174,0,No Failure
L,296.2,307,1414,48.3,162,0,No Failure
L,296.2,307.1,1413,53.4,203,0,No Failure
M,300.7,311.7,2097,18.9,232,1,Tool Wear Failure
M,298.1,308.6,1425,41.9,11,0,No Failure
H,302.8,312.4,1411,53.8,246,1,Overstrain Failure
L,298.2,308.7,1408,46.3,3,0,No Failure
L,297.9,309.8,2000,21.3,29,0,No Failure
M,298,309.9,1445,45.2,55,0,No Failure
M,296.8,307.9,1409,44.3,145,0,No Failure
L,297,308.1,1355,43.7,217,0,No Failure
L,301.6,310.8,1355,57.8,195,1,Overstrain Failure
L,302,310.4,1357,58,108,1,Heat Dissipation Failure
L,298,308.8,1790,27.2,193,0,No Failure
L,303.4,311.8,1306,61,215,1,Heat Dissipation Failure
M,296.9,308,1497,44.8,57,0,No Failure
M,297.9,309.6,1515,38.8,124,0,No Failure
L,298.4,308.7,1588,35,99,0,No Failure
L,298.3,308.9,1348,55.5,102,0,No Failure
H,302.7,310.4,1305,55.2,20,1,Heat Dissipation Failure
M,299.3,308.4,1542,37.5,203,1,Tool Wear Failure
L,297.5,309.1,1611,30.2,211,0,No Failure
L,298.3,308.5,1416,52.7,151,0,No Failure
H,298.1,308.5,1392,44.8,111,0,No Failure
L,298.3,310.1,1408,45.3,78,0,No Failure
L,300.3,310.3,1362,60.3,206,1,Overstrain Failure
L,297.6,308.3,1658,34.3,59,0,No Failure
L,298.9,308.7,1727,29.4,116,0,No Failure
M,296.1,306.9,1951,23.3,38,0,No Failure
L,303.2,311.4,1351,53.8,8,1,Heat Dissipation Failure
L,297,308.1,1537,39,103,0,No Failure
L,297.4,308.1,1474,39.4,20,0,No Failure
L,298.4,308.7,1523,36.1,126,0,No Failure
L,298.9,309.1,2861,4.6,143,1,Power Failure
H,302.7,310.8,1275,55,25,1,Heat Dissipation Failure
M,297,308.1,1355,51.4,76,0,No Failure
L,303.2,311.4,1238,54.6,226,1,Heat Dissipation Failure
L,298,308.2,1489,40.4,11,0,No Failure
L,297.5,308.9,1427,44.7,135,0,No Failure
L,296.4,307.5,1549,36.1,58,0,No Failure
M,297,307.9,1412,47.4,112,0,No Failure
L,299,309,1544,31.8,25,0,No Failure
M,298.6,308.4,1778,28.2,161,0,No Failure
H,297.5,308.3,1674,30,54,0,No Failure
H,297.7,309.6,1697,32.2,210,0,No Failure
L,298.4,308.5,1490,37.9,110,0,No Failure
M,297.5,308.1,1469,44.8,5,0,No Failure
L,296.6,307.6,1459,40.2,96,0,No Failure
L,295.9,306.6,1679,30.4,117,0,No Failure
M,297.9,308.1,1627,31.4,209,0,No Failure
M,295.7,306.2,1423,42.5,121,0,No Failure
L,297.8,308.4,1714,33.2,177,0,No Failure
M,296.2,307.3,1451,42.8,11,0,No Failure
L,296.8,307.9,1706,30.8,111,0,No Failure
L,297.8,308.4,1518,32.5,190,0,No Failure
L,298,308.8,1581,36.1,73,0,No Failure
H,296.8,308,1311,58.6,19,0,No Failure
L,297.1,308.1,1584,36.8,215,0,No Failure
L,298.9,308.6,1413,46.5,122,0,No Failure
L,296.9,308,1343,44.5,15,0,No Failure
L,297.5,308.9,1390,44.6,140,0,No Failure
L,302.6,310.4,1359,57.2,67,1,Heat Dissipation Failure
H,297.4,308.5,1469,45.1,63,0,No Failure
L,298.2,308.1,1306,58.3,35,0,No Failure
L,297,307.6,1680,35.8,20,0,No Failure
L,297.6,309.3,1610,35,6,0,No Failure
L,299,308.8,1310,50.7,112,0,No Failure
M,296.8,307.8,1694,33,115,0,No Failure
M,296.7,307.6,1547,34.7,150,0,No Failure
M,303.4,312.6,2706,9.8,65,1,Power Failure
L,296.7,307.9,1690,29.6,119,0,No Failure
M,296.3,307.2,1446,45.9,180,0,No Failure
L,298.9,310.2,1696,30.2,214,0,No Failure
L,302.2,310.6,1348,48.4,161,1,Heat Dissipation Failure
L,299.1,310.4,1594,33.3,147,0,No Failure
L,298.8,310.2,1461,46.7,105,0,No Failure
M,302.1,310.7,1376,46.3,210,1,Heat Dissipation Failure
L,297.1,308.5,1323,44.4,207,1,Tool Wear Failure
L,299.6,310.7,1922,23.3,205,1,Tool Wear Failure
L,300.7,311.9,1335,57.1,194,1,Overstrain Failure
M,297.7,309.2,1700,27.4,176,0,No Failure
L,295.9,306.6,1414,50.2,51,0,No Failure
L,298.6,309.2,1542,48.4,42,0,No Failure
L,297.1,308.1,1487,34.6,208,0,No Failure
L,298.4,308.9,1628,34.9,93,0,No Failure
L,298.6,310.1,1721,27.2,5,0,No Failure
L,295.6,306.1,1389,46.2,113,0,No Failure
L,299.4,308.7,1446,62.9,134,1,Power Failure
M,297.6,308.7,1408,54.8,147,0,No Failure
L,297.8,308.4,1685,28.4,179,0,No Failure
M,298.6,309.2,1311,46.6,44,0,No Failure
H,298,308,1520,39.6,51,0,No Failure
L,295.4,305.8,1407,50.7,192,0,No Failure
L,297.3,308.6,1297,45.9,184,0,No Failure
M,297.7,309.2,1732,28.8,152,0,No Failure
L,298.6,310.2,1569,36.3,10,0,No Failure
M,296.2,307.2,1168,63.4,172,0,No Failure
M,297.4,309,1520,37,147,0,No Failure
M,299,309,1351,52.2,44,0,No Failure
M,298,309.9,1565,33.9,40,0,No Failure
L,297.9,307.9,1426,43.6,89,0,No Failure
M,297.4,308.2,1424,53.9,120,0,No Failure
M,298.8,308.5,1711,28.5,140,0,No Failure
L,297.4,308.6,1476,42.3,107,0,No Failure
M,298.9,308.9,1679,28.7,181,0,No Failure
L,302.8,310.9,1312,52.2,40,1,Heat Dissipation Failure
L,298.3,309.4,1546,36.1,94,0,No Failure
L,303.8,313,1365,59.9,205,1,Overstrain Failure
L,296.6,307.7,1556,37.7,110,0,No Failure
M,296.1,307.2,1619,29.7,17,0,No Failure
L,297.8,307.8,1597,38.2,11,0,No Failure
L,300.4,311.6,1200,76.6,3,1,Power Failure
L,300.1,311.3,2579,12.5,64,1,Power Failure
L,298.9,308.7,1572,34.1,80,0,No Failure
M,297.3,308.3,1657,31.1,8,0,No Failure
L,297.5,308.6,1452,39,72,0,No Failure
L,296.8,307.6,1434,48.3,138,0,No Failure
H,297.7,308.5,1720,29.9,210,0,No Failure
L,296.9,307.8,1466,45.7,153,0,No Failure
L,298.7,309.8,1394,40.3,11,0,No Failure
L,297.8,307.7,1505,39.7,25,0,No Failure
L,298.2,308.4,1497,37.7,207,0,No Failure
L,298.1,308.7,1642,30.3,3,0,No Failure
L,298.1,308.2,1390,47.5,33,0,No Failure
M,298.4,308,1416,38.2,198,1,Tool Wear Failure
L,297.5,309,1470,43.5,191,0,No Failure
M,298.9,308.9,1487,39.5,30,0,No Failure
M,295.5,306,1326,50.8,18,0,No Failure
L,297.8,308.4,1512,39.9,181,0,No Failure
L,302.4,310.2,1351,45.1,168,1,Heat Dissipation Failure
L,296.9,308.4,1390,41.8,184,0,No Failure
H,298.8,308.8,1445,49.9,4,0,No Failure
L,297.9,307.8,1365,46.9,73,0,No Failure
L,300.5,311.2,1270,67.5,208,1,Overstrain Failure
M,297,307.8,1579,34.1,94,0,No Failure
L,298.8,308.9,1455,41.3,208,1,Tool Wear Failure
L,296.8,307.8,1394,47.7,155,0,No Failure
L,297.5,309.4,1357,50.1,137,0,No Failure
L,297.6,308.7,1460,46.7,150,0,No Failure
M,296.6,307.5,1734,27,50,0,No Failure
L,297.4,309.3,1759,24.8,81,0,No Failure
M,302.3,311.8,1363,54,119,1,No Failure
M,298.1,308.2,1342,48.1,54,0,No Failure
L,300.7,311.9,1399,50.2,222,1,Overstrain Failure
M,302.1,310,1355,45.1,6,1,Heat Dissipation Failure
L,297.5,308.5,1712,26.8,136,0,No Failure
L,296.6,307.4,1521,38.6,173,0,No Failure
L,298.9,310,1452,48.9,185,0,No Failure
M,296.2,307.2,1552,34.8,8,0,No Failure
L,302.4,311,1338,67.6,194,1,Power Failure
M,296.3,307.3,1498,41.6,15,0,No Failure
L,300.6,310.3,1648,30.5,217,1,Tool Wear Failure
M,297.2,308.3,1794,27.5,38,0,No Failure
L,296.5,307.6,1431,45.2,90,0,No Failure
L,296.9,307.8,1557,38.1,135,0,No Failure
L,296.4,307.2,1748,25.3,144,0,No Failure
L,297.2,307.9,1326,75.4,172,1,Power Failure
H,298.5,308.4,1612,36.1,174,0,No Failure
H,297.7,309.4,1608,30.2,135,0,No Failure
L,298,308.7,1626,36.7,210,0,No Failure
L,298.9,310.2,1706,27.6,103,0,No Failure
L,297.6,309.4,1958,22.1,108,0,No Failure
L,297.4,308.4,1588,32.5,207,0,No Failure
L,298.8,310,1487,41.4,152,0,No Failure
L,297.9,309.9,1542,33.8,33,0,No Failure
H,297.5,309.5,1668,27.9,240,0,No Failure
L,296.7,307.6,1474,41.7,148,0,No Failure
L,297.8,308.4,1612,32.1,183,0,No Failure
L,299.1,310.2,1317,54.8,231,1,Overstrain Failure
M,295.8,306.3,1235,76.2,89,1,Power Failure
L,297.4,308.4,1369,50.6,220,1,Overstrain Failure
L,297.5,308.8,1477,39,127,0,No Failure
L,303.4,311.7,1295,51.3,51,1,Heat Dissipation Failure
M,300.4,310.2,1671,30.5,234,1,Tool Wear Failure
L,298.2,308.3,1475,49.9,47,0,No Failure
M,297.7,309.1,1732,28.1,167,0,No Failure
M,297.7,308.9,1531,48.3,84,0,No Failure
L,297,307.9,1436,47.7,191,0,No Failure
L,301.9,310.5,1340,55.7,204,1,Overstrain Failure
L,297.5,308.8,1309,57.3,0,0,No Failure
M,296.9,307.9,1385,44.8,144,0,No Failure
L,296.5,307.3,1579,34.5,166,0,No Failure
L,297.3,308.2,1754,29.4,123,0,No Failure
M,297.5,308.5,1484,44.7,40,0,No Failure
L,297.9,308.4,1646,40.6,175,0,No Failure
L,295.5,306,1800,27.6,208,0,No Failure
M,298.9,309,1924,22.6,193,0,No Failure
L,296.6,307.6,1498,41.1,80,0,No Failure
L,296.7,308,1535,36.8,210,0,No Failure
L,296.8,307.8,1373,42.9,74,0,No Failure
L,298,308.3,1544,34.7,213,0,No Failure
L,297.9,308,1296,62.9,41,0,No Failure
M,296.8,307.9,1418,47.9,127,0,No Failure
L,298.9,310.2,1491,45.1,101,0,No Failure
L,297.5,308.9,1729,28.1,189,0,No Failure
M,297.6,308.3,1567,34.6,71,0,No Failure
L,296.6,307.5,1439,45.5,199,0,No Failure
L,296.6,307.6,1809,25.1,86,0,No Failure
L,298.3,308.9,1379,54.7,91,0,No Failure
L,297.5,308.7,1453,37.6,112,0,No Failure
L,302.7,310.5,1446,40.9,211,1,Tool Wear Failure
L,304,312.9,1363,62.5,200,1,Overstrain Failure
L,302.1,310.7,1359,49.3,41,1,Heat Dissipation Failure
L,303.1,312.4,1404,61.5,127,1,Power Failure
L,296.9,308.1,1422,48.7,215,0,No Failure
L,295.7,306.2,1458,40.6,103,0,No Failure
M,297.2,308.3,1776,28,43,0,No Failure
M,298.8,308.7,1498,39.5,89,0,No Failure
L,296.6,307.4,1465,47.8,187,0,No Failure
L,298.2,307.6,1511,31,209,1,Tool Wear Failure
L,295.6,306.2,1823,25.8,29,0,No Failure
L,295.7,306.2,1397,52,101,0,No Failure
L,298.4,308.3,1433,62.3,20,1,Power Failure
L,299.2,309,1515,48.9,228,1,Overstrain Failure
L,302.5,310.9,1330,56.9,97,1,Heat Dissipation Failure
M,297.7,309,1636,29.7,32,0,No Failure
L,297.8,309.2,1372,47.3,15,0,No Failure
L,297.6,308.8,1539,40.2,72,0,No Failure
M,302.7,311.6,2709,9.7,2,1,Power Failure
L,298.4,309,1474,52.7,95,0,No Failure
L,297.8,308.4,1374,47.1,150,0,No Failure
L,298.9,310.3,1484,43.8,124,0,No Failure
L,297.3,309,1548,37.4,171,0,No Failure
L,297.2,308.1,1431,49.7,210,1,No Failure
L,298.1,309.9,1642,30.4,58,0,No Failure
M,296.9,307.8,1426,50.7,130,0,No Failure
L,297,307.8,1583,37.2,189,0,No Failure
M,296.4,307.5,1684,31.4,72,0,No Failure
L,299,310.2,1372,48,174,0,No Failure
L,296.8,307.9,1372,49,140,0,No Failure
L,301,310.5,1379,57.3,204,1,Overstrain Failure
L,297.8,309.3,2015,20.1,161,0,No Failure
L,298.2,308.2,1988,21.4,41,0,No Failure
L,296.9,307.7,1653,35.9,177,0,No Failure
M,296.8,307.9,1683,31.8,76,0,No Failure
M,296.9,307.9,1441,47.6,60,0,No Failure
H,297.3,308.8,1499,44.2,134,0,No Failure
L,296.8,307.9,1489,33.4,123,0,No Failure
L,298.1,308.3,1331,63,13,0,No Failure
L,298.4,308.9,1638,32.4,109,0,No Failure
L,298.4,309.1,1798,29.6,81,0,No Failure
L,297.8,307.8,1761,28.9,128,0,No Failure
L,299,308.6,1329,60.5,120,0,No Failure
L,296.8,307.5,1347,54.8,43,0,No Failure
L,303.4,312,1521,35.9,215,1,Tool Wear Failure
H,297.3,308.6,1431,42,109,0,No Failure
L,296.6,308,1978,22.3,208,0,No Failure
L,298.9,308.6,1560,32.2,118,0,No Failure
M,296.9,308.1,1483,44.3,219,0,No Failure
L,296.5,307.4,1292,52.5,62,0,No Failure
L,299.3,308.6,1384,53.6,218,1,Overstrain Failure
L,298.3,309.1,1472,40.1,31,0,No Failure
M,302.6,312.3,1454,54.8,253,1,Tool Wear Failure
M,297.5,308.2,2448,13.8,29,0,No Failure
L,296.6,307.3,1474,40,158,0,No Failure
M,300.3,311.2,1381,65.2,136,1,Power Failure
M,298.3,308.7,1667,28.6,18,0,No Failure
H,298.7,308.6,1499,43.5,84,0,No Failure
M,298.3,308.6,1589,37.1,137,0,No Failure
L,298.3,310,1858,23.9,114,0,No Failure
M,301.8,310.1,2372,13.9,205,1,Power Failure
L,298.7,310.2,1525,43.7,34,0,No Failure
M,298.3,308.5,1629,37.1,170,0,No Failure
L,297.7,309.7,1591,37.7,196,0,No Failure
L,297.8,307.8,1563,34.3,53,0,No Failure
L,297.5,308.3,1596,36.8,77,0,No Failure
L,297.3,308.6,1273,59.8,182,0,No Failure
L,295.6,306,1419,51.1,7,0,No Failure
M,296.2,307.2,1633,31.1,0,0,No Failure
M,303.4,311.8,1316,50.9,69,1,Heat Dissipation Failure
M,297.4,309.3,1622,35,123,0,No Failure
L,299.2,309.1,1345,60.7,191,1,Overstrain Failure
L,298.4,309.5,2153,15.3,98,1,Power Failure
M,295.6,306.2,1477,45,40,0,No Failure
M,301,312.2,2710,9.7,143,1,Power Failure
L,298.4,310.1,1926,23.7,83,0,No Failure
M,297.6,308.4,1398,41.9,215,0,No Failure
L,298,308.6,1313,50.8,170,0,No Failure
M,297.5,309.4,1482,39.3,112,0,No Failure
L,298.1,309.9,1634,30,53,0,No Failure
H,297,308.4,1305,54.6,168,0,No Failure
M,297.6,308.7,1376,59.9,74,0,No Failure
L,299,310.2,1477,37.9,60,0,No Failure
H,298.4,308.5,1827,24.3,153,0,No Failure
L,297.4,308.7,1545,36.9,125,0,No Failure
L,295.3,305.7,1475,51,187,0,No Failure
L,298.3,310,1507,44.7,73,0,No Failure
L,298.8,309,1829,22.9,172,0,No Failure
M,297.8,309.4,1226,58.7,129,0,No Failure
L,297.6,309.1,1503,38.9,157,0,No Failure
L,297.4,308.7,2874,4.2,118,1,Power Failure
M,297.4,308.6,1522,38,33,0,No Failure
H,298.3,310.1,1509,37.6,85,0,No Failure
L,300.7,311.8,1336,58.4,189,1,Overstrain Failure
L,302.3,310.8,1377,47.3,22,1,Heat Dissipation Failure
L,298.9,310.2,1359,56.9,166,0,No Failure
M,296.9,308.1,1357,41.8,127,0,No Failure
L,300.5,309.8,1663,29.1,145,1,No Failure
L,298.8,308.4,1369,53,138,0,No Failure
M,297.2,308.3,1604,39.4,9,0,No Failure
M,297.5,309.4,1391,58.2,34,0,No Failure
L,297.4,308.2,1533,37.4,115,0,No Failure
M,298.4,310.2,1725,32,80,0,No Failure
M,297.6,308.8,1357,49.7,104,0,No Failure
M,302.7,310.6,1349,51.2,6,1,Heat Dissipation Failure
M,295.6,306.1,1462,49.2,158,0,No Failure
L,298.9,310.2,1409,54.8,140,0,No Failure
L,297.1,308.1,1446,36.6,227,0,No Failure
M,302.2,310.6,1355,51.5,126,1,Heat Dissipation Failure
M,301.6,310.6,1309,65.8,75,1,Power Failure
M,297.6,309.7,1541,33.7,165,0,No Failure
L,297.8,309.7,1935,22.1,171,0,No Failure
L,298.1,308.1,1484,40.4,59,0,No Failure
L,297.6,308.3,1438,47.8,84,0,No Failure
M,299,309.4,1561,37.3,70,0,No Failure
L,300.6,311.9,1372,60.1,212,1,Overstrain Failure
M,302.4,310.1,1379,48.9,107,1,Heat Dissipation Failure
L,298.6,309.7,1429,45.8,113,0,No Failure
L,297.3,308.3,1504,36.3,45,0,No Failure
L,297.4,309,1583,32,166,0,No Failure
L,298.7,309,1565,35.1,152,0,No Failure
L,297.6,309.5,1373,50.6,55,0,No Failure
L,297.1,307.9,1507,38.3,170,0,No Failure
L,296.9,308.1,1555,33.7,229,0,No Failure
M,296.7,307.9,1874,21.3,130,0,No Failure
M,302.3,310.9,1360,44,67,1,Heat Dissipation Failure
M,298.1,308.6,1551,42.8,0,0,No Failure
L,297.4,308.3,1431,43,113,0,No Failure
L,298.2,309,1601,35.8,43,0,No Failure
L,302,310.4,1336,58.2,110,1,Heat Dissipation Failure
L,298.8,310,1672,30.4,150,0,No Failure
H,300.4,309.9,2563,12.8,81,1,Power Failure
L,301.6,310.7,1380,51.8,216,1,Overstrain Failure
L,300.8,309.9,1312,65.3,192,1,Overstrain Failure
L,298,308.3,1405,56.2,218,1,Overstrain Failure
L,298.5,309.7,1437,42.6,120,0,No Failure
M,297,308.1,1507,43.1,51,0,No Failure
L,302.5,310.3,1326,58.5,55,1,Heat Dissipation Failure
L,298.9,310.2,2737,8.8,142,1,Power Failure
M,301.9,310.4,1373,48,73,1,Heat Dissipation Failure
L,303,311.2,1374,48.2,65,1,Heat Dissipation Failure
M,295.3,305.8,1589,36.2,184,0,No Failure
L,296.2,307.2,1445,41.8,20,0,No Failure
L,298.3,308.4,1329,49.2,166,0,No Failure
L,298.7,308.5,1544,35.2,159,0,No Failure
L,296.3,307.3,1566,35.8,175,0,No Failure
L,298.1,309.4,1397,48.2,63,0,No Failure
L,297.5,308.6,1388,48.2,203,0,No Failure
L,296.3,307.2,1646,35,192,0,No Failure
L,297.4,309.1,1478,49.8,150,0,No Failure
L,298.1,308.4,1436,46.7,103,0,No Failure
L,297.3,308.4,1491,46.5,29,0,No Failure
L,298,308.9,1578,35.6,153,0,No Failure
L,298.8,308.7,1591,31.1,68,0,No Failure
L,297.3,308.6,1586,37.7,155,0,No Failure
H,296.9,307.8,1549,35.8,206,1,Tool Wear Failure
L,297.6,308.6,1491,38.1,152,0,No Failure
M,297.6,308.6,1595,36.9,25,0,No Failure
L,297.4,308.3,1490,42.6,164,0,No Failure
L,297,307.8,1609,35.6,193,0,No Failure
L,303.8,313.1,1256,58.7,213,1,Overstrain Failure
L,298.5,309.6,1421,53.6,122,0,No Failure
L,297.5,309.2,1426,44.8,24,0,No Failure
M,297.6,308.5,1466,39.7,34,0,No Failure
L,301.7,309.9,1317,49,187,1,Heat Dissipation Failure
L,302.4,310.3,1374,51.2,163,1,Heat Dissipation Failure
M,297.4,308.3,1774,28.9,166,0,No Failure
L,298,307.8,1567,36.4,109,0,No Failure
L,298.3,308.4,1593,37,174,0,No Failure
M,297.8,309.1,1432,42.6,17,0,No Failure
L,298.2,308.4,1310,61,189,1,Overstrain Failure
H,304,313.2,1271,68.6,161,1,Power Failure
L,303.4,311.8,1401,53,208,1,Overstrain Failure
L,298.2,308.3,1402,51,141,0,No Failure
L,297.9,307.7,1492,43.7,59,0,No Failure
L,296.1,307.2,1615,30.8,18,0,No Failure
L,297.3,308.4,1513,40.5,25,0,No Failure
L,296.9,307.9,1435,41.6,139,0,No Failure
L,298.8,308.9,1402,37.9,2,0,No Failure
M,296.3,307.4,1335,50.5,48,0,No Failure
L,297.9,307.8,1397,45,104,0,No Failure
L,298.7,309.8,1402,54.3,128,0,No Failure
L,298.8,308.6,1431,45.7,97,0,No Failure
L,297.1,307.9,1456,50,166,0,No Failure
L,298.8,308.6,1872,22.5,82,0,No Failure
L,301.8,310.3,1341,50.5,64,1,Heat Dissipation Failure
L,297.8,307.8,1452,39.8,21,0,No Failure
L,298.3,309.4,1356,45.4,96,0,No Failure
L,301,311,1399,58,190,1,Overstrain Failure
L,302.5,310.4,1349,55.1,187,1,Heat Dissipation Failure
L,297.7,307.6,1844,21.9,61,0,No Failure
L,297.2,308.6,1636,31.3,192,0,No Failure
L,296.9,307.7,1424,43.3,120,0,No Failure
H,297.4,309.3,1516,43,83,0,No Failure
H,298.9,309.3,1375,42.7,58,0,No Failure
L,296.8,308,1675,29.7,46,0,No Failure
H,298.4,308.9,1782,23.9,24,0,No Failure
M,298.8,309,1592,38.2,169,0,No Failure
L,298.7,309.8,1354,53.3,212,1,Overstrain Failure
L,295.9,306.4,1575,28.5,74,0,No Failure
L,297.9,309.7,2194,16.8,27,0,No Failure
L,295.8,306.6,1508,46.5,99,0,No Failure
L,297.5,309.3,1732,29.9,32,0,No Failure
L,298.1,309.9,1629,32.5,45,0,No Failure
L,295.6,306.1,1383,48.7,147,0,No Failure
M,297.6,308.7,1419,41.7,81,0,No Failure
L,296.8,308,1510,39.4,29,0,No Failure
M,296.8,307.5,1470,45.9,132,0,No Failure
L,297.4,309,1570,37.9,154,0,No Failure
M,298.8,310.1,1243,74.5,194,1,Power Failure
L,295.9,306.7,1547,40.9,107,0,No Failure
L,299.4,310.8,1376,53.9,215,1,Overstrain Failure
L,298.3,308.5,1606,33.6,67,0,No Failure
H,302,309.8,1280,57.3,147,1,Heat Dissipation Failure
L,298.6,309.8,1497,41.6,118,0,No Failure
L,298.4,308.6,1491,42,120,0,No Failure
L,296.9,307.6,1452,45.7,122,0,No Failure
L,298,308.1,1819,23.4,78,0,No Failure
M,297.4,309.1,1463,35,183,0,No Failure
M,297.6,308.4,1611,31,48,0,No Failure
L,300.5,309.3,1417,51.5,231,1,Overstrain Failure
L,298.2,308.9,1278,54,18,0,No Failure
M,297.6,309.6,1530,37.3,10,0,No Failure
H,298.2,310,1433,44.2,68,0,No Failure
L,297.5,308.3,1544,40.8,37,0,No Failure
L,298.3,308.5,1538,32.2,173,0,No Failure
M,300.7,309.6,1996,19.8,203,1,Tool Wear Failure
M,296,306.6,1392,51.3,124,0,No Failure
M,301.9,310.9,1419,47.7,20,1,No Failure
L,300.5,309.8,1379,54.2,207,1,Overstrain Failure
L,298.4,308.6,1609,35,103,0,No Failure
L,299,309,1469,40.1,13,0,No Failure
M,297.4,308.8,1325,62.4,204,1,Tool Wear Failure
L,297.5,309.4,1503,40.6,144,0,No Failure
L,298.1,309.5,1467,41.8,48,0,No Failure
L,298.6,309.8,1505,45.7,144,0,Random Failures
L,298.8,308.8,1555,40.6,61,0,No Failure
L,295.6,306.2,1287,54.8,49,0,No Failure
L,302.7,312.4,1477,46.3,251,1,Overstrain Failure
M,296.3,307.4,1958,19.1,67,0,No Failure
L,297.6,308.3,1617,31.7,39,0,No Failure
L,298.3,309,1519,36.9,41,0,No Failure
L,299.3,308.9,1258,69.4,119,1,Power Failure
L,297.6,309.4,1491,40.2,231,0,No Failure
L,298.8,310.2,1814,26.8,204,0,No Failure
L,297.2,308.1,1446,38.5,164,0,No Failure
M,296.5,307.4,1350,55.6,69,0,No Failure
L,302.7,310.7,1369,47.5,11,1,Heat Dissipation Failure
L,298.2,308.1,1382,43.5,37,0,No Failure
M,298.7,310.1,1402,69.7,64,1,Power Failure
L,296.7,307.9,1743,27.9,55,0,No Failure
M,298.9,309.3,1632,32.5,55,0,No Failure
L,297.5,308.6,1793,26.7,70,0,No Failure
H,298.8,309,1497,43.8,147,0,No Failure
L,296.4,307.4,1512,36.8,46,0,No Failure
L,299,308.6,1587,38.6,124,0,No Failure
M,303,311.3,1335,53.6,164,1,Heat Dissipation Failure
L,298.4,308.6,1433,47.1,101,0,No Failure
M,297.4,308.3,1535,34.6,51,0,No Failure
L,299.1,310,1367,56.3,203,1,Overstrain Failure
L,295.5,305.9,1542,36.2,12,0,No Failure
M,296.7,307.4,1540,38.7,45,0,No Failure
M,297.8,309,1434,43.3,96,0,No Failure
L,301.3,310.1,1269,56.8,195,1,Overstrain Failure
L,303,311,1359,44.2,115,1,Heat Dissipation Failure
M,297,308.1,1573,34.9,93,0,No Failure
M,298.1,310,1393,43.1,65,0,No Failure
L,296.8,308.3,1506,45.9,182,0,No Failure
L,296.8,307.9,1413,46.5,121,0,No Failure
L,296.3,307.3,1372,57.7,33,0,No Failure
L,302,310.8,1383,50.3,231,1,Overstrain Failure
L,296.1,307.1,1898,22.7,20,0,No Failure
L,297.8,309.2,1400,56.9,34,0,No Failure
L,299.1,310.2,1569,38.2,155,0,No Failure
M,297.8,309.7,1700,31.3,200,0,No Failure
L,297.6,308.3,1623,36.9,61,0,No Failure
H,302.1,310.7,1294,62.4,101,1,Heat Dissipation Failure
M,302.4,310.1,1358,54.6,61,1,Heat Dissipation Failure
M,298.8,308.6,1707,28.1,103,0,No Failure
M,295.3,305.7,1473,38.5,189,0,No Failure
L,299,309.4,1693,30.1,84,0,No Failure
H,297.9,308.5,2129,18.7,126,0,No Failure
M,296.9,307.6,1685,32,10,0,No Failure
M,297.8,308.5,1488,41.9,196,0,No Failure
L,296.7,307.8,1400,47.5,3,0,No Failure
M,297.5,309.2,1804,27.4,215,0,No Failure
L,298.7,310.2,1717,27.3,26,0,No Failure
L,298.9,309.1,1383,54.9,145,0,No Failure
L,297.8,307.8,1412,48.3,27,0,No Failure
L,297.5,309.6,1312,50.7,0,0,No Failure
M,298.8,308.8,1441,40.5,63,0,No Failure
H,297.8,308.4,1550,38.2,185,0,No Failure
L,298.8,309.9,1428,42.4,132,0,No Failure
L,298.2,308.3,1304,49.8,45,0,No Failure
L,301.8,309.7,1442,45.3,233,1,Tool Wear Failure
M,296.8,307.8,1664,32.8,142,0,No Failure
L,298.7,309.8,1365,50.5,111,0,No Failure
M,296.2,307,2119,18.3,159,0,No Failure
M,298.6,308.4,1391,42.4,169,0,No Failure
L,296.9,308,1332,53.9,7,0,No Failure
L,298.9,310.3,1364,54,95,0,No Failure
L,298.3,309.9,1463,43.9,116,0,No Failure
M,297.6,308.9,1433,43.2,206,0,No Failure
L,300.4,311.8,1272,59.2,198,1,Overstrain Failure
L,297.4,308.3,1493,41.2,43,0,No Failure
L,297.7,309.3,1559,36.9,145,0,No Failure
L,297.9,307.8,1505,37.3,100,0,No Failure
L,297.4,308.3,1412,42,111,0,No Failure
L,297.1,308.4,1468,44.4,197,0,No Failure
L,298.1,308.5,1498,49.4,5,0,No Failure
L,296.7,308,1580,32.2,39,0,No Failure
L,297.3,308.5,1497,47.5,27,0,No Failure
M,297.3,308.3,1501,38.2,2,0,No Failure
H,298.6,309.1,1423,44.3,29,0,No Failure
L,297.1,308.1,1754,30.3,206,0,No Failure
M,296.9,307.8,1477,37.2,160,0,No Failure
M,297.6,308.6,1414,45.4,138,0,No Failure
M,298.5,309,1741,28,21,0,No Failure
L,298.7,310.2,1363,45.5,28,0,No Failure
L,295.7,306.2,2270,14.6,149,1,Power Failure
L,296.5,307.2,1481,38.2,160,0,No Failure
M,295.5,306,1423,45.3,205,0,No Failure
L,296.6,307.5,1557,35.1,60,0,No Failure
L,301,310.6,1493,37.8,206,1,Tool Wear Failure
L,300.5,311.8,1524,38.9,214,1,Tool Wear Failure
H,297.5,309.4,1368,45.3,129,0,No Failure
L,298.8,309.1,1368,50.8,115,0,No Failure
L,298.4,308.6,1304,45,158,0,No Failure
L,297.9,309.9,1472,45,183,0,No Failure
L,296.9,307.8,1400,57.1,202,1,Overstrain Failure
L,297.4,309.4,1620,35.4,51,0,No Failure
M,296.2,307.2,1389,48.6,7,0,No Failure
L,298.9,310.1,1394,42.7,179,0,No Failure
L,298.8,309.1,1362,45.4,113,0,No Failure
L,296.7,307.7,1927,23.9,112,0,No Failure
L,297.5,308.9,1390,47.4,187,0,No Failure
M,302.4,310.5,1372,45.7,144,1,Heat Dissipation Failure
L,297.5,308.6,1552,44.9,77,0,No Failure
L,299.2,308.6,1267,68.2,76,1,Power Failure
M,295.6,306.1,1490,42.7,171,0,No Failure
L,297.7,309,1874,24.4,28,0,No Failure
M,296.2,306.8,1526,42.3,129,0,No Failure
M,298.5,308.3,1440,43.6,5,0,No Failure
L,296.8,307.8,1573,36.4,126,0,No Failure
L,297.9,309.2,1478,39.7,10,0,No Failure
M,297,307.9,1493,34.7,57,0,No Failure
L,297.6,308.3,1742,27.7,13,0,No Failure
L,297.6,309.3,1543,34.3,8,0,No Failure
L,298.8,308.9,1527,32.4,189,0,No Failure
L,297.2,308.5,1550,41.5,125,0,No Failure
L,300.8,310.7,1339,59.1,203,1,Overstrain Failure
L,298.9,308.9,1453,40.8,11,0,No Failure
M,297.4,308.7,1425,50.3,152,0,No Failure
L,296.8,308.2,1361,53.8,193,0,No Failure
H,299.1,309.4,1811,24.6,77,0,No Failure
L,297.3,308.3,1410,48.1,23,0,No Failure
M,295.4,305.8,1526,38.2,181,0,No Failure
L,298,308.1,1877,24.3,0,0,No Failure
L,297.2,308.6,1489,40.2,214,0,No Failure
L,297,308.2,1577,29.4,130,0,No Failure
L,298.2,308.4,1666,34.6,74,0,No Failure
L,298.1,308.2,1521,39.3,151,0,No Failure
L,297.8,307.8,1573,37.9,33,0,No Failure
M,295.8,306.6,1480,43.2,92,0,No Failure
L,296.8,307.7,1565,40.1,89,0,No Failure
L,296.8,307.6,1513,40,130,0,No Failure
L,299.1,310.4,1452,39.7,151,0,No Failure
M,302.4,310.3,1378,54.3,165,1,Heat Dissipation Failure
L,298.1,308.3,1301,56,63,0,No Failure
M,297.5,308.2,1713,32.2,17,0,No Failure
L,297,307.7,1447,46.4,8,0,No Failure
L,303.6,312,1309,52.9,86,1,Heat Dissipation Failure
L,296.8,307.9,1337,56.5,5,0,No Failure
M,297.7,309,1656,33.2,20,0,No Failure
L,295.8,306.4,1399,47.6,84,0,No Failure
M,297.7,309,1504,40.4,35,0,No Failure
L,298.8,310,1412,46.3,107,0,No Failure
L,297.7,308.5,1373,56.7,203,1,Overstrain Failure
H,297.5,309.3,1563,36.1,100,0,No Failure
L,297.5,309.3,1623,33.4,74,0,No Failure
L,298.8,308.4,1473,41.1,128,0,No Failure
L,298.8,309.8,1437,42.8,23,0,No Failure
M,297.1,308.4,1421,42,165,0,No Failure
L,299,309.4,1419,48.3,91,0,No Failure
M,295.7,306.3,1685,34.9,84,0,No Failure
M,295.5,305.9,1518,44.1,194,0,No Failure
M,296.9,307.9,2010,18.9,86,0,No Failure
L,297.3,308.1,1615,35.4,217,1,Tool Wear Failure
L,298.2,308.4,1512,34.9,181,0,No Failure
L,301.9,310.4,1286,62.8,22,1,Heat Dissipation Failure
L,298.2,308.2,1407,47.1,153,0,No Failure
L,298,307.8,1622,33.3,121,0,No Failure
L,297.8,308.9,1871,25.6,200,1,Tool Wear Failure
M,296.6,307.5,1482,39.9,153,0,No Failure
L,295.6,306.2,1428,44.5,51,0,No Failure
L,298.2,308.3,1589,33.2,94,0,No Failure
L,297.7,308.9,1516,33.7,92,0,No Failure
H,297.8,309.4,1445,48.2,10,0,No Failure
L,298.4,308.3,1318,59.1,22,0,No Failure
M,297.8,308.4,1579,36.6,152,0,No Failure
L,295.5,306,1456,39.2,167,0,No Failure
L,297.4,308.7,1402,40.2,114,0,No Failure
L,296.9,308.4,1557,32.4,173,0,No Failure
L,296.6,307.4,1631,35,168,0,No Failure
M,303.9,313.2,1422,48,215,1,Tool Wear Failure
L,296.7,307.7,1524,36.8,82,0,No Failure
L,298.7,309,1691,30.1,154,0,No Failure
L,304.4,313.7,1509,35,205,1,Tool Wear Failure
H,297.4,308.3,1502,43.6,169,0,No Failure
H,298.8,309.9,1439,45.2,40,1,No Failure
L,297.4,308.6,1678,32.3,180,0,No Failure
L,298.1,309,1787,27.6,47,0,No Failure
L,297.9,308.6,1468,36,168,0,No Failure
L,297,308.1,1362,52.5,213,1,Overstrain Failure
H,297.5,309.3,1525,41.7,235,0,No Failure
L,298,308.2,1620,35.8,5,0,No Failure
L,297.5,309.3,1470,38.8,197,0,No Failure
L,298.2,308.3,1230,59.6,162,0,No Failure
M,297.5,309.4,1831,26.6,105,0,No Failure
M,296.8,307.9,1843,25.2,116,0,No Failure
L,297.4,308.6,1609,36.2,116,0,No Failure
L,298.3,308.1,1586,35.5,0,0,No Failure
L,297.5,309.3,1404,43.5,195,0,No Failure
L,298.7,309.9,1483,32.8,142,0,No Failure
M,296.9,308.1,1440,46.3,64,0,No Failure
L,298.2,308.3,1688,32,202,0,No Failure
L,300.5,310.5,2633,12.2,17,1,Power Failure
M,298.1,308.6,1716,30.7,119,0,No Failure
L,297.6,309,1487,45.4,64,0,No Failure
L,298,309.5,1496,45.8,46,0,No Failure
L,297.2,308.6,1500,37.1,161,0,No Failure
L,299,310.3,1437,47.8,99,0,No Failure
L,298.7,309.8,1539,33.4,2,0,No Failure
H,297.5,308.7,1416,39.2,74,0,No Failure
L,298.9,309.8,1287,61.9,216,1,Overstrain Failure
L,298.9,310.1,1466,42.5,187,0,No Failure
L,298,308.2,1442,44.1,204,0,No Failure
M,298.8,309.1,1472,47.5,125,0,No Failure
L,298.4,308.6,1591,36.7,122,0,No Failure
H,297.7,308.9,1479,40.9,87,0,No Failure
L,298.3,310.1,1545,36.3,90,0,No Failure
L,298.4,308.3,1473,39.9,184,0,No Failure
L,298,308.7,1506,47,208,0,No Failure
L,297.4,308.8,1447,58.1,129,0,No Failure
M,299,310.3,1303,68.6,111,1,Power Failure
L,296.9,307.9,1423,43.9,149,0,No Failure
M,296.8,307.8,1551,38.9,112,0,No Failure
L,298.1,308.6,1527,40.2,16,0,No Failure
L,298.8,310.3,1553,36.8,97,0,No Failure
L,299,309.5,1861,23.3,73,0,No Failure
L,303.3,311.6,1337,56.8,187,1,Heat Dissipation Failure
L,298.5,309.7,2617,12.1,102,1,Power Failure
M,295.6,306.2,1435,51.6,126,0,No Failure
L,298.8,308.6,1680,29.4,95,0,No Failure
L,297,308.3,1492,48.1,137,0,No Failure
M,295.5,306,1641,36.6,21,0,No Failure
L,296.5,307.6,1541,38.5,98,0,No Failure
M,297.6,308.4,1569,38.3,93,0,No Failure
L,297.3,308.5,1398,60.4,12,0,No Failure
L,298.5,308.4,1733,26,8,0,No Failure
L,302,311.2,1270,65.3,182,1,Overstrain Failure
M,298.3,310.1,1389,49.6,75,0,No Failure
L,297.7,308.9,1838,27.3,99,0,No Failure
L,297.5,309.3,1479,39.4,22,0,No Failure
M,296.9,307.8,1828,24.6,91,0,No Failure
L,297.3,308.7,1549,36.1,218,0,No Failure
L,296.9,307.9,1367,47.1,204,0,No Failure
M,297.2,308.3,1431,43.7,46,0,No Failure
L,296.8,307.9,1448,48.8,31,0,No Failure
M,297.5,308.6,1472,44.9,198,0,No Failure
L,298.2,307.9,1313,67.3,67,1,Power Failure
L,296.6,307.6,1542,37.4,88,0,No Failure
L,296.8,307.9,1611,35.4,72,0,No Failure
L,299,310.3,1507,36.7,173,0,No Failure
L,297.5,308.3,1585,32.9,32,0,No Failure
L,298.2,308.1,1618,34.7,39,0,No Failure
L,298.4,309.5,1692,28.3,136,0,No Failure
M,298.9,309.2,1581,36.7,101,0,No Failure
M,297.6,308.8,1453,39.7,69,0,No Failure
L,297.6,309,1528,33.8,22,0,No Failure
M,297.1,308,1690,25.6,159,0,No Failure
L,297.2,308.5,2182,16.5,127,0,No Failure
L,296.2,306.8,1655,31.1,136,0,No Failure
L,297.3,308.3,1538,38.5,47,0,No Failure
L,295.6,306,1569,40.4,174,0,No Failure
L,296.5,307.6,1512,43.6,92,0,No Failure
M,297,307.9,1569,33.3,141,0,No Failure
L,297.3,308.6,1486,42.6,105,0,No Failure
H,300.3,309.9,1394,46.7,210,1,Tool Wear Failure
L,296.2,307.2,1515,36.5,38,0,No Failure
L,296.8,307.6,1304,48.7,142,0,No Failure
L,299.2,310.7,1737,27,225,1,Tool Wear Failure
L,295.6,306.3,1911,20.9,74,0,No Failure
L,302.6,310.2,1325,62.4,92,1,Heat Dissipation Failure
M,297,308.2,1702,30.7,124,0,No Failure
M,297.2,308.3,1578,37.8,3,0,No Failure
L,302.1,311.2,1454,59.2,153,1,Power Failure
L,298,308.1,1777,24.3,200,0,No Failure
M,296.5,307.4,1565,43.5,194,0,No Failure
M,299,309,1804,26.8,17,0,No Failure
L,296.3,307.4,1760,28.4,56,0,No Failure
L,298.7,310.2,1436,47.5,32,0,No Failure
L,297.1,308.4,1304,53.5,153,0,No Failure
M,297.5,308.4,1350,52.2,157,0,No Failure
L,297.5,308.3,2564,12.8,127,1,Power Failure
M,298,308.7,1479,58.5,176,1,Power Failure
L,298.9,310.2,1533,42.8,138,0,No Failure
L,296.7,307.9,1420,50.1,138,0,No Failure
M,296.7,307.5,1515,42.1,55,0,No Failure
L,297.5,308.9,1554,34.8,204,0,No Failure
L,297.9,308.1,1393,50.3,193,0,No Failure
L,298.1,308,1626,36.5,83,0,No Failure
L,297.9,307.8,1286,59.5,55,0,No Failure
L,298.2,308.4,1424,47.6,179,0,No Failure
L,303.2,311.2,1363,46.7,29,1,Heat Dissipation Failure
L,297.4,309.2,1459,37.9,191,0,No Failure
M,297.6,308.4,1391,51.9,218,0,No Failure
L,296.9,308,1658,41,74,0,No Failure
L,297.4,308.3,1475,40.5,222,1,Tool Wear Failure
M,297.4,309.3,1499,36.8,88,0,No Failure
L,296.7,307.6,1540,38.6,53,0,No Failure
L,298.2,308.1,1379,62.3,149,0,No Failure
L,301.9,310.4,1370,51.7,153,1,Heat Dissipation Failure
L,298.2,308.4,1355,49.4,209,0,No Failure
L,298,308,1401,54.7,65,0,No Failure
M,296.2,307.3,1477,35.2,53,0,No Failure
L,298.3,308.6,1548,40.3,140,0,No Failure
H,298.3,310,1419,47.1,105,0,No Failure
L,296.7,307.8,1382,47.5,37,0,No Failure
M,299,309,1419,45.2,27,0,No Failure
M,298,308.1,1339,51.6,197,0,No Failure
L,297.6,308.4,1353,57.5,88,0,No Failure
L,297.4,309.2,1420,45.6,193,0,No Failure
L,298.2,308.1,1462,50.8,27,0,No Failure
L,296.3,307.1,1654,29.6,188,0,No Failure
L,297.4,308.4,1392,49.7,174,0,No Failure
L,297.7,309.1,1477,38.3,60,0,No Failure
M,297,307.9,1414,46.2,165,0,No Failure
L,299.1,308.8,1320,67.5,20,1,Power Failure
L,299,310.3,1929,24.4,180,0,No Failure
M,297.4,309.3,1775,25.8,91,0,No Failure
L,299.1,310.4,1428,46.9,87,0,No Failure
M,298.8,309.1,1559,34.7,95,0,No Failure
L,299.2,308.5,1378,50.4,220,1,Overstrain Failure
L,298.3,308.6,1570,34.8,175,0,No Failure
L,295.9,306.6,1557,41.1,113,0,No Failure
L,297.6,309.1,1449,49.1,174,0,No Failure
L,296.9,308,1546,31.1,11,0,No Failure
L,297,308.1,1455,43.5,122,0,No Failure
H,298,308.1,1440,43.7,37,0,No Failure
M,298.7,308.4,1430,49.6,135,0,No Failure
L,302.5,310.2,1307,54,86,1,Heat Dissipation Failure
L,298.8,309.1,1350,52.5,111,0,No Failure
M,298.4,310.1,1335,57.8,96,0,No Failure
M,297.4,308.2,1530,32.6,22,0,No Failure
M,300,311.4,1692,29,216,1,Tool Wear Failure
L,298.9,310.1,1473,42.6,164,0,No Failure
L,298,308.2,1469,45.5,214,0,No Failure
M,295.8,306.4,1335,51.7,69,0,No Failure
L,296.6,307.4,1368,45.1,185,0,No Failure
L,299,310.3,1501,43,91,0,No Failure
M,295.8,306.3,1444,45.5,76,0,No Failure
M,302.4,310.3,1375,52.5,161,1,Heat Dissipation Failure
M,297.4,308.6,1434,44.4,193,0,No Failure
L,298.7,310.1,1676,33.5,70,0,No Failure
H,297.9,309.2,1577,34.7,5,0,No Failure
L,295.7,306.1,1343,54.4,119,0,No Failure
L,296.6,307.4,1389,42.7,48,0,No Failure
M,297.4,309,1497,41.8,144,0,No Failure
L,296,306.6,1511,35.2,119,0,No Failure
H,297.6,308.4,1703,31.4,205,0,No Failure
L,296.9,308.1,1435,45.3,62,0,No Failure
L,296.5,307.5,1340,59.1,89,0,No Failure
M,296.2,307,1516,37.6,25,0,No Failure
M,298.1,308.1,1390,49.8,85,0,No Failure
M,298.8,309,1661,29.5,162,0,No Failure
M,303.3,311.5,1373,47.3,60,1,Heat Dissipation Failure
H,298.9,309.2,1379,50.7,106,0,No Failure
L,297.5,308.9,1696,30.9,133,0,No Failure
L,298.2,308.4,1478,42.9,183,0,No Failure
M,297.6,309.3,1529,41.9,3,0,No Failure
L,299,309.1,1394,45.1,179,0,No Failure
M,303.4,311.7,1353,44.1,192,1,Heat Dissipation Failure
L,297.3,308.6,1511,35.7,120,0,No Failure
L,299.1,309.8,1398,55.4,217,1,Overstrain Failure
L,298.8,308.6,1511,36.1,157,0,No Failure
M,297.6,308.5,1490,43.4,154,0,No Failure
L,297,307.9,1529,42.2,157,0,No Failure
L,296.8,307.9,1718,25.2,148,0,No Failure
M,295.6,306.2,1584,33.6,81,0,No Failure
M,297.4,308.9,1323,57.3,163,0,No Failure
L,296.5,307.6,1607,33.5,104,0,No Failure
L,296.4,307.5,1331,47.8,99,0,No Failure
L,295.6,306,1949,21.9,5,0,No Failure
L,297.5,309.4,1809,24.3,110,0,No Failure
L,297.7,309.6,1480,47.9,18,0,No Failure
L,297.6,308.4,1407,55.2,86,0,No Failure
L,302.6,310.4,1365,66.8,80,1,Power Failure
L,297.6,308.7,1319,50.9,141,0,No Failure
L,298.7,310.1,1433,54.6,66,0,No Failure
H,300.5,309.9,1397,45.9,210,1,Tool Wear Failure
M,296.3,307.2,1319,68.3,24,1,Power Failure
L,295.5,306.1,1650,32.8,67,0,No Failure
L,302.6,311.5,1442,59.8,169,1,Power Failure
L,296.3,307.4,1648,34,60,0,No Failure
L,303.7,312.1,1363,51.8,90,1,Heat Dissipation Failure
L,298.9,308.7,1558,41.2,110,0,No Failure
L,297.7,309.1,1435,38.8,165,0,No Failure
L,298.2,308.3,1458,41.8,132,0,No Failure
M,297.6,308.9,1479,38.1,182,0,No Failure
L,295.7,306.2,1464,46.2,92,0,No Failure
L,298.2,308.3,2216,16.8,139,0,No Failure
M,296.8,307.5,1516,36.7,135,0,No Failure
L,298,309.6,1633,34.8,41,0,No Failure
L,297.8,308.4,1737,27.5,146,0,No Failure
L,297.7,309.1,1479,42.1,58,0,No Failure
L,298.2,309,1341,43.8,171,0,No Failure
M,296.8,307.5,1443,39.2,13,0,No Failure
L,298.7,310.1,1620,34.8,112,0,No Failure
L,297.8,309,1403,64.2,0,1,Power Failure
L,298,308.7,1629,34.3,191,0,No Failure
L,299.9,310.2,1288,69.6,62,1,Power Failure
L,299.1,310.4,1527,44,149,0,No Failure
M,297.6,309,1427,45.6,179,0,No Failure
L,301.7,310.2,1331,61.2,47,1,Heat Dissipation Failure
L,298.8,308.7,1450,43.4,66,0,No Failure
L,302.2,310.6,1334,53.2,159,1,Heat Dissipation Failure
M,298.9,308.9,1750,29.9,50,0,No Failure
L,296.9,308,1713,29.3,13,0,No Failure
L,298.8,308.9,1398,51.5,0,0,No Failure
M,302.1,310.7,1364,47.8,213,1,Heat Dissipation Failure
L,297.4,308.7,1510,36.2,92,0,No Failure
M,298,307.9,1750,26.6,67,0,No Failure
L,298,308,1524,37,49,0,No Failure
L,296.2,307.2,1356,43.6,22,0,No Failure
L,298.7,310.3,1451,40,86,0,No Failure
L,298,308.5,1713,25.3,124,0,No Failure
L,297.4,309.4,1473,45.5,94,0,No Failure
H,296.8,308.1,1492,43.7,222,0,No Failure
L,298.6,309.9,1593,37.4,47,0,No Failure
M,296.9,307.8,1544,37.6,109,0,No Failure
L,297.4,308.5,1495,37.8,211,0,No Failure
L,298.9,310.1,1823,26.1,131,0,No Failure
H,298.3,308.6,1432,49.5,91,0,No Failure
L,299.1,309.5,1512,39,75,0,No Failure
L,298.7,309.8,1589,31.8,217,0,No Failure
L,296.3,307.4,1465,47.1,215,0,No Failure
M,297.4,308.2,1401,51.9,117,0,No Failure
L,298.2,308.2,1478,50.1,166,0,No Failure
L,295.6,306.2,1446,49.9,133,0,No Failure
L,296.8,308.1,1356,48.3,201,0,No Failure
L,297.6,308.7,1622,37.9,79,0,No Failure
L,301.6,310.1,1362,55.8,70,1,Heat Dissipation Failure
M,298.4,308.2,1610,35,24,0,No Failure
L,297,307.9,1635,31.6,147,0,No Failure
L,303.2,311.4,1324,54.2,228,1,Heat Dissipation Failure
H,298.8,309.2,1372,48.5,120,0,No Failure
L,298.9,310.4,1831,25.4,81,0,No Failure
L,297.4,309.2,1437,40.4,117,0,No Failure
L,302,310.5,1263,60.6,90,1,Heat Dissipation Failure
L,298.9,308.7,1564,34.1,99,0,No Failure
L,297,307.8,1414,47.5,168,0,No Failure
M,297.6,308.5,1848,23.7,37,0,No Failure
L,301.9,310.6,1331,68.6,85,1,Power Failure
L,297.5,308.5,1335,48,131,0,No Failure
L,299,310.2,1377,62.5,92,1,Power Failure
M,296.9,307.8,1840,24.6,157,0,No Failure
L,296.3,307.1,1662,32.9,190,0,No Failure
L,296.3,307.3,1567,31.4,5,0,No Failure
L,297.5,309.1,1515,35.1,213,0,No Failure
L,297,307.9,1296,69.1,153,1,Power Failure
L,298.7,309.9,1621,34.1,130,0,No Failure
L,301.2,311.6,1461,52.9,208,1,Overstrain Failure
L,297.9,309.8,1336,71.6,31,1,Power Failure
L,298.9,310.2,1654,31.1,158,0,No Failure
M,298,308.6,1453,44.1,165,0,No Failure
L,298.3,308.4,1528,37.3,160,0,No Failure
L,296.2,306.9,1516,39.1,138,0,No Failure
M,298.4,308.6,1527,40.9,96,0,No Failure
H,297.7,309.3,1400,48.9,147,0,No Failure
L,296.9,307.8,1653,29.7,137,0,No Failure
L,297,307.9,1455,49,204,0,No Failure
L,298.1,308.4,1335,40.2,109,0,No Failure
L,297.1,308,1348,58,162,0,No Failure
L,296.8,307.9,1698,30.8,48,0,No Failure
L,297.6,308.7,1455,48.2,145,0,No Failure
L,301.7,310.9,1405,46.4,207,1,Tool Wear Failure
L,297.4,309,1833,22.6,161,0,No Failure
L,301.6,310.1,1326,48.2,77,1,Heat Dissipation Failure
L,300.7,310.9,1356,65.3,66,1,Power Failure
L,297.1,308.4,1726,28.4,202,0,No Failure
L,298.1,308,1652,28.5,63,0,No Failure
L,298.1,308,1426,46,61,0,No Failure
L,297.5,308.9,1738,24,195,0,No Failure
L,297.5,308.5,1546,40.4,129,0,No Failure
L,298.9,310.1,1944,23.4,192,0,No Failure
M,296.9,307.8,1392,43.9,0,0,No Failure
L,303.4,311.9,1377,41.6,34,1,Heat Dissipation Failure
H,297.4,309,1468,41.4,156,0,No Failure
M,297,308,1408,47.9,54,0,No Failure
L,297.5,308.7,1443,46.2,110,0,No Failure
L,295.6,306.3,1636,32.7,56,0,No Failure
L,299.1,310.4,1450,40.9,85,0,No Failure
M,296.9,307.7,2008,17.5,3,0,No Failure
L,296.7,307.8,1468,39.2,35,0,No Failure
M,299.7,309.2,1685,28.9,179,1,No Failure
L,295.8,306.5,1358,49.2,63,0,No Failure
M,296.9,308,1641,33.3,67,0,No Failure
L,297,307.9,1350,47.7,168,0,No Failure
M,297,307.9,1422,53,115,0,No Failure
L,296.9,307.9,1626,29.9,177,0,No Failure
L,297.7,309.1,1562,36.8,172,0,No Failure
L,298,309.9,1403,47.7,43,0,No Failure
L,297.5,309.4,1443,45.4,70,0,No Failure
M,297.5,309.2,1347,55.8,188,0,No Failure
M,296.3,307.3,1368,49.5,10,0,No Failure
L,298.1,310,1553,40.9,49,0,No Failure
L,297.9,307.8,1665,33.9,102,0,No Failure
L,298.9,309.1,1369,44.4,198,0,No Failure
M,296.4,307.3,2077,19.1,80,0,No Failure
L,298.1,308.2,1654,32.1,25,0,No Failure
M,299,309,1575,35.3,47,0,No Failure
L,295.6,306.2,1426,48.6,124,0,No Failure
M,298.3,308.3,1379,48,181,0,No Failure
H,298.4,308.2,1478,43.5,206,0,No Failure
L,298.6,309.8,2271,16.2,218,1,Tool Wear Failure
L,300.8,310.6,1577,37.9,227,1,Tool Wear Failure
M,298.1,308.1,1452,40.8,56,0,No Failure
M,298.7,309.2,1410,45.6,47,0,No Failure
L,298.5,310.2,1676,32.7,18,0,No Failure
L,298.3,310,1442,43.9,110,0,No Failure
L,297.7,309.3,1893,24.6,15,0,No Failure
L,296.9,307.8,1605,37,84,0,No Failure
M,297.7,309.4,1461,43.7,142,0,No Failure
M,299.6,309.2,1867,23.4,225,1,Tool Wear Failure
L,297,307.8,1774,28,188,0,No Failure
L,296.5,307.3,1566,37.2,164,0,No Failure
L,297.6,309,1822,25.4,202,0,No Failure
L,298.2,309,2449,13.8,45,0,No Failure
L,298.9,309.3,1665,32.5,93,0,No Failure
M,303,311.1,1372,54.3,117,1,Heat Dissipation Failure
M,297.6,309.2,1442,48.1,0,0,No Failure
L,302.4,310.2,1346,62.4,106,1,Heat Dissipation Failure
L,297.9,308.5,1305,47.2,155,0,No Failure
L,297.9,309.8,1461,50.5,38,0,No Failure
L,297.6,309.1,1394,50,62,0,No Failure
H,297.5,308.4,1587,36.1,98,0,No Failure
L,303.5,311.9,1344,49.3,93,1,Heat Dissipation Failure
M,297.5,309.4,1678,34.4,148,0,No Failure
M,297.5,309.4,1433,48.3,139,0,No Failure
L,297.7,307.7,1581,34.9,31,0,No Failure
L,297,307.9,1595,31.7,170,0,No Failure
L,298.8,308.8,1991,20.7,59,0,No Failure
L,298.6,309.9,1461,45.7,49,0,No Failure
L,298.3,308.5,1453,42.9,89,0,No Failure
L,297.7,309.2,1391,44.5,159,0,No Failure
M,297.8,309.1,1424,45.5,2,0,No Failure
L,296.6,307.4,1616,28,175,0,No Failure
L,297.5,309.4,1803,24.7,98,0,No Failure
M,297.6,309,1815,25.3,66,0,No Failure
L,302,310.8,1615,29,235,1,Tool Wear Failure
L,296.8,307.6,1398,46.7,144,0,No Failure
L,297.1,308.3,1763,25.7,139,0,No Failure
L,301.1,310.4,1312,73.6,49,1,Power Failure
L,303.3,311.4,1497,46,234,1,Tool Wear Failure
M,298.3,308.4,1539,43.4,69,0,No Failure
L,298.5,308.7,1609,35.3,117,0,No Failure
L,295.8,306.5,1493,40.5,90,0,No Failure
M,298.4,308.2,1463,37.6,188,0,No Failure
L,298.3,308,2886,3.8,57,1,Power Failure
L,295.6,306.1,1372,55.6,215,1,Overstrain Failure
L,298.1,308.2,1485,40.7,57,0,No Failure
L,297.5,308.4,1489,39.5,96,0,No Failure
L,295.8,306.3,1337,54.6,87,0,No Failure
L,302.1,310.7,1314,52.8,8,1,Heat Dissipation Failure
L,298.3,308.4,1490,41.7,170,0,No Failure
M,302.7,311.1,1297,60.7,125,1,Heat Dissipation Failure
M,303.4,311.4,1307,54,44,1,Heat Dissipation Failure
M,295.5,305.9,1380,52.4,202,0,No Failure
L,297.5,308.2,1647,31.3,3,0,No Failure
M,297,307.7,1498,47.1,199,0,No Failure
M,298.9,309.2,1412,44.1,140,0,No Failure
M,297.4,308.9,1500,46.3,137,0,No Failure
L,298.8,309.1,1489,49.1,128,0,No Failure
L,297.5,308.4,1604,38.1,106,0,No Failure
L,298.5,309.5,1294,66.7,12,1,Power Failure
L,303.2,311.4,1349,51.1,9,1,Heat Dissipation Failure
L,296.7,307.8,1453,46,33,0,No Failure
L,298.3,308.5,1664,31.6,144,0,No Failure
L,297.4,309.4,1296,52.3,96,0,No Failure
L,296.4,307.4,1403,48.4,70,0,No Failure
L,300.5,311.8,1368,57.9,191,1,Overstrain Failure
H,303.6,312.2,1371,54.6,112,1,Heat Dissipation Failure
H,297.5,309.3,1459,49.7,201,0,No Failure
L,297.8,307.8,1396,42.5,23,0,No Failure
L,297.8,309.7,1394,42.9,206,0,No Failure
L,298.2,308.3,1805,31.6,96,0,No Failure
M,298,308.1,1587,32.3,30,0,No Failure
L,298.3,310,1460,47.6,101,0,No Failure
M,299.7,309.3,1399,41.9,221,1,Tool Wear Failure
L,296.3,307.1,1560,33.2,186,0,No Failure
M,298.9,308.9,1727,27.1,37,0,No Failure
M,302.8,312.3,1262,70.5,234,1,Power Failure
M,297.3,308.3,1301,39.6,5,0,No Failure
L,296.2,307.1,1444,46.7,194,0,No Failure
M,297.6,309.3,1415,41.3,17,0,No Failure
L,297.8,309.9,1351,49,181,0,No Failure
L,298.9,309,1410,65.7,191,1,Power Failure
L,298.5,309.5,1385,46.3,203,1,Tool Wear Failure
L,296.3,307.1,1419,48.6,142,0,No Failure
L,296.6,307.4,1436,42.8,156,0,No Failure
H,297.6,308.3,1640,30.9,79,0,No Failure
L,297.5,309.4,1318,58.2,146,0,No Failure
L,302.4,310.7,1362,54.8,155,1,Heat Dissipation Failure
L,297.4,308.9,1809,23.8,131,0,No Failure
L,299.6,310.9,1229,65.2,209,1,Overstrain Failure
L,299.1,308.8,1329,53.6,207,1,Overstrain Failure
L,296.8,307.6,1368,52,140,0,No Failure
M,297.5,308.3,1459,45.2,34,0,No Failure
L,298.2,309.7,1585,37.4,118,0,No Failure
M,296.9,308.4,1450,46.9,186,0,No Failure
L,298.2,309.4,1398,52.9,79,0,No Failure
L,297.7,309.2,1365,58.6,170,0,No Failure
M,297.7,309.6,1596,35.2,173,0,No Failure
M,297.9,308.5,1300,53,172,0,No Failure
M,298.7,309,1843,25.8,130,0,No Failure
L,297.4,309.2,1274,54.3,121,0,No Failure
M,295.7,306.3,1712,28.5,43,0,No Failure
L,298.2,308.4,1477,49.9,72,0,No Failure
M,297.4,309.4,1539,42.2,134,0,No Failure
L,297.9,307.9,1412,44.5,85,0,No Failure
M,303.4,311.8,1341,47,210,1,Heat Dissipation Failure
L,298.4,310,1554,37.3,103,0,No Failure
L,297,307.8,1316,61.2,200,1,Overstrain Failure
M,298.9,309.3,1581,30.7,65,0,No Failure
L,298.5,308.8,1332,59.1,115,0,No Failure
L,297.3,308.7,1467,36.8,216,0,No Failure
L,298.9,309.1,1452,45.5,196,0,No Failure
L,298.4,308.7,1386,44.9,135,0,No Failure
H,297.5,308.9,1471,37.7,197,0,No Failure
L,298.4,310.1,1455,42.2,94,0,No Failure
M,298.2,308.3,1522,49.1,22,0,No Failure
L,295.9,306.6,1678,26.7,53,0,No Failure
M,301.8,309.9,1334,61,182,1,Heat Dissipation Failure
L,297.3,308.2,1396,52.7,212,1,Overstrain Failure
H,298.1,309.9,1686,29.1,60,0,No Failure
L,298.9,308.9,1422,47.6,15,0,No Failure
L,298.9,310.1,1587,30.2,162,0,No Failure
L,298,308.8,1496,44.9,179,0,No Failure
L,301.1,310.9,1282,67.9,10,1,Power Failure
L,297,307.8,1521,40.2,190,0,No Failure
M,302.2,310.6,1346,49.2,134,1,Heat Dissipation Failure
L,300.2,311,1255,71.8,149,1,Power Failure
L,298.7,309.9,1617,33,203,0,No Failure
M,295.8,306.5,1514,37.7,60,0,No Failure
H,297.4,309.3,1365,52.4,76,0,No Failure
M,303.2,311.5,1336,58.2,2,1,Heat Dissipation Failure
L,298.6,310,1334,48,42,0,No Failure
L,299.1,309.4,1439,44.2,82,0,No Failure
L,297.3,308.4,1339,52.1,36,0,No Failure
M,297.1,308.1,1352,44.4,0,0,No Failure
L,298.3,308.5,1575,41.2,105,0,No Failure
L,298.4,308.6,1477,44,124,0,No Failure
M,300.4,311.8,1553,33.1,209,1,Tool Wear Failure
L,298.9,310.2,1411,46.5,202,0,No Failure
L,298.5,308.7,1575,33.9,128,0,No Failure
M,297.5,309.5,1553,42.4,60,0,No Failure
L,298.4,308.2,1528,36.2,196,0,No Failure
L,298,308.2,1357,48.2,7,0,No Failure
M,303.6,312.8,2659,11.4,26,1,Power Failure
L,299,308.9,1622,31.9,42,0,No Failure
L,298.4,308.4,1515,40.1,179,0,No Failure
L,298,308.3,1362,56.8,216,1,Overstrain Failure
L,298.9,310.2,1498,50.2,160,0,No Failure
L,303.5,311.6,1361,46.5,62,1,Heat Dissipation Failure
L,298.3,308.6,1447,38.1,146,0,No Failure
L,298.5,308.2,1301,66.3,42,1,Power Failure
L,298.8,309.9,1568,33.7,13,0,No Failure
L,298.2,308.6,1433,39.5,7,0,No Failure
M,297.5,309.2,1530,40,206,0,No Failure
L,299.2,310.3,1352,48.9,238,1,Overstrain Failure
L,297.2,308.5,1513,42.9,212,0,No Failure
L,296.9,308.3,1555,38.2,175,0,No Failure
M,297.6,308.8,1683,31.6,79,0,No Failure
L,297.7,308.7,1249,60.4,143,0,No Failure
L,297.8,307.8,1383,56.5,98,0,No Failure
H,302.3,310.9,1366,48.4,130,1,Heat Dissipation Failure
M,295.7,306.4,1387,40.1,81,0,No Failure
L,296.8,308.1,1289,62,199,1,Overstrain Failure
L,298.8,310,2098,19.6,148,0,No Failure
M,296.8,307.4,1472,43.9,30,0,No Failure
L,302.2,311.3,1530,37.3,207,1,Tool Wear Failure
L,298,308.2,1365,52.9,218,1,Overstrain Failure
L,297.7,307.6,1921,22.9,68,0,No Failure
L,298.2,308.4,1379,43.1,65,0,No Failure
L,296.8,308,1497,41.7,231,0,No Failure
L,301.4,310.8,1285,62.6,183,1,Overstrain Failure
L,297.9,308.1,1585,33.5,212,0,No Failure
L,303.3,311.8,1315,62,42,1,Heat Dissipation Failure
L,295.6,306,1370,52.4,115,0,No Failure
L,303.1,311.3,1336,52.6,172,1,Heat Dissipation Failure
L,298.4,308.5,1741,32.8,112,0,No Failure
M,297.8,308.4,1479,43.5,143,0,No Failure
L,297.6,309.5,1569,36.2,63,0,No Failure
L,299,309.1,1523,38.6,177,0,No Failure
L,296.8,308.2,1643,34.7,191,0,No Failure
L,295.8,306.5,1534,37.9,88,0,No Failure
M,297.8,308.3,1567,35.6,131,0,No Failure
L,298.7,309.7,1462,46.8,4,0,No Failure
L,298.8,309.1,1512,40.7,156,0,No Failure
L,296.3,307.3,1444,49,13,0,No Failure
M,302.6,310.2,2676,10.8,84,1,Power Failure
L,296.7,307.8,1605,31.3,128,0,No Failure
M,302,309.7,1386,62.7,142,1,Power Failure
L,302.6,311,1369,60,93,1,Heat Dissipation Failure
L,297.4,308.8,1640,34.2,142,0,No Failure
L,297.9,307.9,1476,45.2,91,0,No Failure
M,298.2,308,1591,33.7,32,0,No Failure
L,298.5,309.4,1360,60.9,187,1,Overstrain Failure
L,303.5,312,1366,54.5,30,1,Heat Dissipation Failure
H,297.9,307.4,1604,36.1,225,1,Tool Wear Failure
M,296,306.7,2044,22.3,48,0,No Failure
L,298.8,308.6,1599,33,101,0,No Failure
M,297.6,309.6,1592,35.8,57,0,No Failure
L,296.9,307.5,1354,44.4,16,0,No Failure
L,298.8,309.9,1320,47.4,210,0,No Failure
H,298.4,308.2,1987,19.8,198,0,No Failure
M,300.8,309.4,1342,62.4,113,1,Heat Dissipation Failure
L,301.9,311,2691,12.1,31,1,Power Failure
L,302.7,310.5,1263,67.8,197,1,Heat Dissipation Failure
M,298.4,308.2,1499,40,211,0,No Failure
L,298.1,310,1534,33.7,47,0,No Failure
L,302.5,310.2,1329,50.6,148,1,Heat Dissipation Failure
L,297.9,307.8,1451,38.2,80,0,No Failure
L,298.3,308.6,1584,29.3,162,0,No Failure
L,297.3,308.4,1441,43.4,14,0,No Failure
L,297.8,308.4,1622,38.3,134,0,No Failure
M,298.9,308.2,1372,63.6,30,1,Power Failure
L,298.2,309.1,1568,36.3,166,0,No Failure
L,297.9,307.8,1538,38.5,123,0,No Failure
M,297.5,308.1,1334,72,151,1,Power Failure
L,298.1,309.9,1563,32.8,51,0,No Failure
L,298.8,309.1,1378,54.4,165,0,No Failure
L,297.4,308.4,1582,37.2,68,0,No Failure
L,297.9,308,1501,36.7,4,0,No Failure
H,298.4,308.2,1612,32.6,10,0,No Failure
L,296.7,307.7,1502,43.9,84,0,No Failure
L,298.4,308.6,1569,34.4,160,0,No Failure
H,297.6,309.6,1669,32.1,155,0,No Failure
L,297.5,308.9,1469,44,185,0,No Failure
L,297.5,309.4,1650,34.6,142,0,No Failure
H,297.6,309.6,1278,50.4,2,0,No Failure
L,298,308.7,1462,48.2,204,0,No Failure
L,296.2,306.8,1389,53.3,132,0,No Failure
L,298.8,309.1,1513,40.3,160,0,No Failure
L,298.1,307.7,2567,12.8,125,1,Power Failure
L,301.7,311,1441,44.3,208,1,Tool Wear Failure
L,296.9,307.9,1535,39.2,133,0,No Failure
L,297.6,309.6,1501,49.8,222,1,Overstrain Failure
L,298.4,310.1,1533,35.2,92,0,No Failure
M,297.4,309.1,1582,35.9,180,0,No Failure
H,297.4,308.6,1420,45.8,120,0,No Failure
L,298.1,308.3,1495,38.7,188,0,No Failure
L,298.4,308.2,1471,47,214,0,No Failure
L,295.6,306.1,1474,41.2,156,0,No Failure
L,302.6,311,1284,68,114,1,Power Failure
M,296.7,307.8,1286,60.5,0,0,No Failure
L,297.4,309,1505,39.2,209,0,No Failure
L,298.7,310.2,1566,33.1,68,0,No Failure
L,297.7,309,1507,38.2,94,0,No Failure
L,297.1,308.4,1488,42.5,146,0,No Failure
L,302,309.9,1308,57.6,197,1,Heat Dissipation Failure
M,297.6,308.2,1995,20.5,10,0,No Failure
L,297.8,308.4,2129,19.2,148,0,No Failure
L,295.7,306.1,1408,47.9,117,0,No Failure
L,297.7,309.7,1498,41,176,0,No Failure
L,297,307.7,1731,28.5,186,0,No Failure
L,298.6,309.8,1544,30.2,113,0,No Failure
M,297.7,309.7,1680,30.2,168,0,No Failure
L,297.6,309.5,1617,36.2,42,0,No Failure
L,296.9,308,1521,34.5,84,0,No Failure
L,297.4,309.2,1584,42.8,186,0,No Failure
L,296.8,307.6,1588,37.6,126,0,No Failure
L,298,308.5,1429,37.7,220,1,Tool Wear Failure
L,298.8,308.7,1445,48.5,70,0,No Failure
L,298.2,308.2,1436,50.2,43,0,No Failure
L,298.7,308.5,1467,40.7,106,0,No Failure
L,297.5,309.4,1517,36.7,233,0,No Failure
L,297.9,307.8,1499,37.5,78,0,No Failure
L,298.8,310.1,1653,30.3,119,0,No Failure
M,301.1,310.7,2636,12.2,100,1,Power Failure
H,300.5,309.8,1324,72.8,159,1,Power Failure
L,297.5,308.9,1427,50.4,17,0,No Failure
L,296.8,308,1371,54.5,86,0,No Failure
M,296.6,307.4,1544,42.3,170,0,No Failure
L,297.6,308.9,1449,47.7,209,0,No Failure
M,301.7,309.8,1284,68.2,111,1,Power Failure
L,302.3,310.1,1321,52.7,134,1,Heat Dissipation Failure
L,298.9,310,1564,33.8,183,0,No Failure
H,297.9,308,1800,24.8,44,0,No Failure
L,301.9,310.4,1376,54.9,126,1,Heat Dissipation Failure
L,299,310.3,1520,45,171,0,No Failure
H,298.2,308.4,1398,51.8,76,0,No Failure
L,297,307.9,1479,39.2,151,0,No Failure
M,297.4,308.3,1405,51.7,108,0,No Failure
L,297.6,309.2,1390,43.3,221,0,No Failure
L,298,307.8,1386,57.3,147,0,No Failure
L,298.1,309,1497,40.5,58,0,No Failure
M,297.6,308.3,1538,40.2,0,0,No Failure
L,297.8,309.2,1683,30.9,163,0,No Failure
M,296.1,307.1,1433,38.5,14,0,No Failure
M,296.3,307.2,1454,42.5,35,0,No Failure
L,298.1,308.6,1558,42.4,14,0,No Failure
M,296.2,307.2,1385,44,5,0,No Failure
L,295.7,306.3,1915,22.4,79,0,No Failure
M,295.6,306.1,1418,46.2,24,0,No Failure
L,298.2,309.1,1429,48.5,164,0,No Failure
L,296.3,307.3,1439,41.5,208,0,No Failure
L,297.5,309.4,1497,35.8,44,0,No Failure
L,297,307.8,1385,56.4,202,1,Overstrain Failure
L,298.5,309.6,1419,41.5,105,0,No Failure
L,297.4,309.4,1466,45.5,53,0,No Failure
L,297.4,308.7,1468,46.6,94,0,No Failure
L,298.8,308.4,1737,27.7,130,0,No Failure
L,302.4,310.9,1349,46.1,148,1,Heat Dissipation Failure
L,303.8,313.1,2497,13,5,1,Power Failure
L,296.9,307.8,1285,52.1,100,0,No Failure
L,297,307.7,1867,22.8,118,0,No Failure
L,298.4,308.2,1850,27,194,0,No Failure
L,296.6,307.4,1504,45.8,58,0,No Failure
L,298.3,309.4,1568,35.8,140,0,No Failure
L,296.9,307.7,1464,41.4,6,0,No Failure
L,296.9,307.8,1425,49.1,163,0,No Failure
L,299,310.2,1533,43.5,159,0,No Failure
M,297.8,309.8,1798,25.5,203,0,No Failure
M,296.6,307.5,1566,35,201,0,No Failure
L,297.6,308.4,1517,34.2,66,0,No Failure
L,296.8,308,1584,40.4,227,0,No Failure
H,297.6,309.6,1428,46.6,13,0,No Failure
L,297.8,308.5,1561,46.3,194,0,No Failure
L,297.5,308.7,1429,44.3,201,0,No Failure
L,301,311.1,1236,64.4,177,1,Overstrain Failure
L,302.6,312.1,1288,68.5,0,1,Power Failure
M,302.1,310.6,1326,59.1,88,1,Heat Dissipation Failure
M,298.6,309.2,1742,30,37,0,No Failure
H,297.3,308.8,1419,42.4,139,0,No Failure
M,297.5,308.3,1521,38.2,74,0,No Failure
L,302.3,310.9,1377,46.8,166,1,Heat Dissipation Failure
L,298,308,1433,39.2,87,0,No Failure
M,301.4,310.7,1368,63.7,92,1,Power Failure
L,296.8,307.9,1709,28.4,118,0,No Failure
H,297.8,308.4,1512,35.1,138,0,No Failure
L,297.8,309.8,1533,36.8,198,0,No Failure
L,298.3,308.5,1539,36.1,168,0,No Failure
M,296.7,307.8,1672,32.4,113,0,No Failure
L,297.7,308.4,1740,27.1,136,0,No Failure
L,298.8,310,1423,42.1,154,0,No Failure
L,296.8,307.9,1420,45.4,70,0,No Failure
L,300.6,310.7,1438,48.5,78,1,No Failure
M,297.8,309.2,1295,61.2,12,0,No Failure
L,297.4,308.7,1429,57.4,96,0,No Failure
M,296.9,308,1430,55.9,71,0,No Failure
L,299,310.4,1365,49.1,226,1,Overstrain Failure
L,297.6,309.4,1628,33.4,229,0,No Failure
L,295.9,306.4,1892,21.7,72,0,No Failure
L,296.9,308,1514,41,120,0,No Failure
L,295.6,306.2,1612,31.2,131,0,No Failure
L,299.1,310.3,1472,46.6,157,0,No Failure
L,295.6,306.2,1569,35.1,140,0,No Failure
L,298.8,308.6,1268,55.8,155,0,No Failure
L,297.4,308.5,1399,61.5,61,1,Power Failure
L,298.9,308.9,1753,25.8,33,0,No Failure
M,296.7,307.8,1375,51.4,108,0,No Failure
L,298.1,308.6,1354,53.9,207,1,Overstrain Failure
L,295.6,306.2,1263,61.8,27,0,No Failure
M,298.8,308.8,1497,46.8,72,0,No Failure
L,298.9,308.9,1830,24.9,35,0,No Failure
M,296.9,307.4,1521,37.9,27,0,No Failure
M,296,306.6,1628,36.8,121,0,No Failure
L,302.7,310.5,1351,41.8,10,1,Heat Dissipation Failure
L,298,308.2,1611,30.6,195,0,No Failure
L,297.5,308.6,1208,62.3,28,0,No Failure
M,296.3,307.2,1286,51.1,177,0,No Failure
L,300.8,312.4,1465,59.1,91,1,Power Failure
L,299,310.4,1382,53,89,0,No Failure
L,297.8,308.5,1699,27.8,199,0,No Failure
L,297.7,309.6,1529,35.2,153,0,No Failure
M,296.6,307.4,1790,25.8,72,0,No Failure
M,301.5,310.7,1336,65.6,0,1,Power Failure
M,298.1,308.5,1372,51.1,116,0,No Failure
M,297.8,309.8,1676,29,178,0,No Failure
L,295.7,306.5,1737,26.2,97,0,No Failure
L,298.8,309.1,1418,46.3,133,0,No Failure
M,297.3,308.6,1471,50.7,157,0,No Failure
M,296.7,307.8,1258,69,105,1,Power Failure
L,302.4,311.9,1290,70,139,1,Power Failure
L,303,311.2,1361,47.6,106,1,Heat Dissipation Failure
M,302.9,311.2,1330,53.7,200,1,Heat Dissipation Failure
L,297.3,308.4,1417,47.8,31,0,No Failure
L,301.7,309.5,1298,65.5,229,1,Heat Dissipation Failure
M,297.1,308.1,1506,37.7,210,0,No Failure
L,303.5,312.4,1284,70.6,94,1,Power Failure
L,296.4,307.4,2833,5.6,213,1,Power Failure
M,302.1,310.1,1379,48.2,166,1,Heat Dissipation Failure
M,295.9,306.6,1532,38.6,104,0,No Failure
L,297.7,308.8,1515,40.1,82,0,No Failure
M,295.5,306.1,1822,24.3,164,0,No Failure
L,300.8,311.4,1322,67.2,18,1,Power Failure
H,298.9,308.8,1621,32.7,75,0,No Failure
L,298.9,308.5,1559,34.3,126,0,No Failure
L,298,308.3,1473,42.6,107,0,No Failure
H,297.3,308.6,1499,37.6,147,0,No Failure
M,297.6,308.4,1507,46,51,0,No Failure
L,299.1,310.1,1435,48.8,229,1,Overstrain Failure
L,297.4,309.3,1332,53.2,115,0,No Failure
H,298.8,308.6,1449,49.4,150,0,No Failure
L,297.4,309.2,1428,38.8,26,0,No Failure
M,297.6,309.5,1709,32.2,65,0,No Failure
L,298,308.8,1757,29.1,71,0,No Failure
L,297.1,308.4,1422,42.1,148,0,No Failure
L,297.9,308,1490,46.2,6,0,No Failure
L,297.5,308.5,1446,41.9,32,0,No Failure
L,296.2,307.3,1475,37,44,0,No Failure
L,297.4,308.4,1573,34.5,205,0,No Failure
M,295.7,306.2,1739,25.9,94,0,No Failure
L,296.8,307.9,1271,61.4,125,0,No Failure
L,298.1,308.7,1568,32.9,10,0,No Failure
L,297.4,309.1,1380,41.1,152,0,No Failure
L,297.8,309.7,1547,37.3,25,0,No Failure
L,298.2,308.7,1408,40,9,0,No Failure
M,297.6,309.6,1330,53.1,7,0,No Failure
L,298.3,308.4,1408,43.1,177,0,No Failure
H,298.6,308.4,1407,50.5,164,0,No Failure
L,298.5,310.1,1809,28.9,20,0,No Failure
L,298,308.2,1459,42.1,146,0,No Failure
L,296.2,306.9,1526,34.9,140,0,No Failure
H,298.4,308.3,1458,42.9,15,0,No Failure
L,301.9,310.9,1567,39,214,1,Tool Wear Failure
L,297.1,308.2,1347,50.8,49,0,No Failure
L,298.4,308.8,1458,40.1,111,0,No Failure
L,296.2,307.2,1382,52,201,0,No Failure
H,302.5,310.9,1356,55.5,101,1,Heat Dissipation Failure
L,303,311.2,1341,51,174,1,Heat Dissipation Failure
L,297.7,309.4,1392,44.1,140,0,No Failure
L,295.8,306.6,1621,31.6,95,0,No Failure
L,298.6,308.2,1361,68.2,172,1,Power Failure
M,302.3,310.9,1710,30.4,218,1,Tool Wear Failure
M,297.4,308.8,1628,37.4,144,0,No Failure
M,297.5,308.5,1496,42.2,22,0,No Failure
L,296.8,307.6,1547,36.5,179,0,No Failure
L,295.5,306,1597,37.2,16,0,No Failure
M,297.3,308.3,1459,59.6,207,1,Power Failure
L,302,310.5,1370,44.4,85,1,Heat Dissipation Failure
M,298,308.1,1552,36.6,190,0,No Failure
L,295.6,306.2,1424,42.5,58,0,No Failure
M,298,308,1620,29.4,75,0,No Failure
L,296.7,308,1451,50.7,197,0,No Failure
L,298,308.1,1454,37.1,35,0,No Failure
L,297.8,307.7,1393,38,29,0,No Failure
L,296.5,307.5,1566,35.1,206,0,No Failure
M,297,307.9,1882,24.2,97,0,No Failure
L,298.2,308.4,1452,43.5,158,0,No Failure
L,298.9,308.7,1433,44.7,108,0,No Failure
L,300.8,310.1,1405,61.2,189,1,Power Failure
M,297.9,310,1439,41.7,185,0,No Failure
H,298,308.6,1526,41.8,160,0,No Failure
L,297.6,309.5,1574,30.9,151,0,No Failure
L,297.6,309.5,2001,20.5,220,0,No Failure
M,297.9,309.8,1693,29.9,35,0,No Failure
L,297.8,309,1456,41.2,0,0,No Failure
L,296.7,307.8,1646,34.6,238,0,No Failure
L,297.3,308.7,1619,31.6,129,0,No Failure
M,297.1,308.1,1823,24.3,219,0,No Failure
M,296.4,307.4,1416,50,210,0,No Failure
L,298.5,310,1804,26.1,22,0,No Failure
L,302.6,310.9,1331,52,154,1,Heat Dissipation Failure
H,300.7,310.2,1364,65.3,208,1,Power Failure
M,298.1,308.1,1456,43.7,80,0,No Failure
L,296.8,307.6,1338,44.4,128,0,No Failure
M,297.4,309,1685,30.7,177,0,No Failure
M,296.1,307,1523,42,164,0,No Failure
M,296.1,307.1,1350,53.3,22,0,No Failure
L,295.5,306.2,1448,48.9,65,0,No Failure
M,296.3,307.1,1534,33.8,151,0,No Failure
L,303,311.3,1365,56.2,146,1,Heat Dissipation Failure
L,296.9,307.7,1550,39.7,124,0,No Failure
L,296.1,306.7,1409,42.8,134,0,No Failure
L,303.4,311.8,1366,50.9,200,1,Heat Dissipation Failure
L,302.4,310.2,1331,45.5,53,1,Heat Dissipation Failure
L,299,309.4,1758,25.7,68,0,No Failure
L,297.7,309.1,1563,39.3,56,0,No Failure
L,297.7,308.5,1501,41.4,201,0,No Failure
M,302.6,311,1329,48.6,111,1,Heat Dissipation Failure
L,302.7,312.2,1450,52.1,213,1,Overstrain Failure
H,300.6,309.4,1380,47.6,246,1,Tool Wear Failure
L,296.3,307.3,1398,52.7,31,0,No Failure
L,298.9,308.9,1450,47.5,9,0,No Failure
L,299,310.3,1584,34.4,83,0,No Failure
M,295.6,306.1,1651,28.1,110,0,No Failure
L,297.8,308.5,1448,40,192,0,No Failure
H,298.8,309.2,1425,53.9,135,0,No Failure
M,295.5,305.9,1453,47.3,9,0,No Failure
L,298.2,309.3,1355,43.8,142,0,No Failure
L,296.8,308,1561,38.3,9,0,No Failure
L,297.3,308.2,1754,26.8,125,0,No Failure
M,297.4,309.3,1564,36,126,0,No Failure
M,298.7,308.4,1441,43.2,132,0,No Failure
H,299,309,1436,43.9,20,0,No Failure
L,297.5,308.6,1596,37.1,30,0,No Failure
L,298.8,308.9,1461,47.9,206,0,No Failure
L,296.9,307.8,1571,35,102,0,No Failure
L,302.3,310.9,1379,49.3,34,1,Heat Dissipation Failure
L,298.3,308.3,1444,43.8,176,0,No Failure
L,297.2,308.4,1460,42.1,41,0,No Failure
L,298,309.6,1536,37.3,120,0,No Failure
L,298.8,308.9,1852,25,57,0,No Failure
L,297.5,308.8,1533,41.5,223,0,No Failure
M,297.3,308.6,1456,42.9,122,0,No Failure
L,298.6,310.1,1533,33.9,24,0,No Failure
H,298,308,1479,50.7,70,0,No Failure
L,298.4,308.3,1422,42.7,186,0,No Failure
L,302,310.9,1378,53.1,212,1,Overstrain Failure
L,296.3,307.2,1291,58.6,29,0,No Failure
M,298.1,308.2,1420,63.9,19,1,Power Failure
L,302.3,310.1,1353,50.9,36,1,Heat Dissipation Failure
L,301.9,309.9,1374,48.5,180,1,Heat Dissipation Failure
H,297.6,309,1735,26.4,41,0,No Failure
L,296.2,307.3,1711,29.9,42,0,No Failure
L,297.5,308.9,1459,48.5,193,0,No Failure
L,298,308.8,1610,33.7,212,0,No Failure
L,298,308,1615,29.5,15,0,No Failure
L,295.8,306.4,1325,56.2,65,0,No Failure
L,296.5,307.3,1501,42.1,162,0,No Failure
M,298.4,308.5,1636,35.7,107,0,No Failure
L,298.3,308.4,1585,30.6,127,0,No Failure
L,298.5,308.4,1513,33.6,172,0,No Failure
L,297.3,308.3,1333,55.2,11,0,No Failure
H,298.2,308.4,1678,34.6,81,0,No Failure
M,302.6,311.6,1227,68.2,187,1,Overstrain Failure
M,298.1,308,1924,20.8,29,0,No Failure
M,297.6,308.4,1398,48.9,63,0,No Failure
L,297,308.3,1399,59,135,0,No Failure
M,300.6,309.4,1367,63.2,45,1,Power Failure
L,296.9,308.3,1513,38.8,189,0,No Failure
M,297.2,308.1,1340,61.3,207,1,Overstrain Failure
L,295.6,306,1363,50,14,0,No Failure
L,297.5,308.4,1511,42.8,209,0,No Failure
M,298.8,309.1,1368,49.1,117,0,No Failure
H,297.6,309,1354,55.6,46,0,No Failure
L,297.3,308.4,1430,45.7,15,0,No Failure
L,298.9,310.3,1583,32.6,230,0,No Failure
L,297.4,308.5,1501,44.9,20,0,No Failure
L,297.6,309.5,1924,20.6,37,0,No Failure
L,298,308.5,1395,46.2,122,0,No Failure
M,296.1,307.1,1485,36,169,0,No Failure
H,298.2,308.3,1824,24.2,49,0,No Failure
L,295.9,306.6,1412,41,109,0,No Failure
L,299,310.4,1371,53.8,228,1,Overstrain Failure
M,297.6,309.3,1464,46.2,218,0,No Failure
L,298.6,310,1517,41.2,64,0,No Failure
L,297.4,308.6,1276,53.6,103,0,No Failure
L,295.8,306.4,1339,53.2,67,0,No Failure
L,303.3,311.3,1350,48.1,32,1,Heat Dissipation Failure
L,298.2,308.3,2057,18,168,0,No Failure
M,302.1,311,1351,60.3,207,1,Overstrain Failure
L,298.4,308.2,1282,60.7,216,1,Overstrain Failure
H,297.6,309.5,1623,33.1,224,0,No Failure
H,297.7,309.7,1440,51.1,191,0,No Failure
H,298.4,308.7,1344,52.9,130,0,No Failure
H,298.8,309.2,1306,54.5,50,0,No Failure
M,295.7,306.3,1462,44.3,37,0,No Failure
H,298.8,308.9,1466,44.1,184,0,No Failure
L,302.2,310.6,1346,47.5,109,1,Heat Dissipation Failure
L,298.7,309.8,1530,35.5,0,0,No Failure
L,298.3,310.1,1523,45.9,99,0,No Failure
L,296,306.7,1416,44.2,46,0,No Failure
M,300.3,311.7,1374,47.9,222,1,Tool Wear Failure
L,298.9,310.1,1442,48,181,0,No Failure
H,296.6,307.7,1386,62.3,100,1,Power Failure
L,298,308.7,1268,69.4,189,1,Power Failure
L,296.5,307.5,1443,41.8,87,0,No Failure
H,297.6,309,1413,40.2,51,0,No Failure
M,298.4,308.2,1468,43.8,2,0,No Failure
L,297.4,309.2,1698,29.4,119,0,No Failure
L,298.3,309.3,1337,56.1,206,1,Overstrain Failure
L,297.6,308.3,1595,34.3,41,0,No Failure
L,298,307.8,1453,37.7,119,0,No Failure
M,298.5,308.6,1344,53,114,0,No Failure
L,299.1,309,1450,43,40,0,No Failure
M,297.7,309.5,2027,19.8,39,0,No Failure
L,295.6,306.2,1650,28.2,35,0,No Failure
M,297.9,309.9,1410,55.4,188,0,No Failure
L,299.8,309.3,1299,65.1,212,1,Overstrain Failure
M,298.4,308.2,1584,41,191,0,No Failure
H,297.7,309.7,1570,35.8,160,0,No Failure
M,298.1,308.2,1736,26.8,27,0,No Failure
L,296.1,307.1,1651,35.7,167,0,No Failure
L,297.8,307.9,1447,48.6,46,0,No Failure
M,297.8,309.4,1495,36.5,132,0,No Failure
L,297.4,308.5,1389,39.2,54,0,No Failure
L,297.4,308.4,1341,52.2,49,0,No Failure
L,298.1,308.4,1592,38.2,211,0,No Failure
L,296.7,307.6,1516,37.4,146,0,No Failure
L,298.3,309.4,1570,35.6,138,0,No Failure
L,297.7,309,1538,43.2,30,0,No Failure
L,298.6,309.2,2035,19.6,40,0,No Failure
L,299,310.3,1483,39.2,153,0,No Failure
M,295.8,306.5,1641,32.2,101,0,No Failure
L,298,308.2,1514,37.9,9,0,No Failure
L,295.6,306.2,1443,48.9,33,0,No Failure
H,296.7,308.1,1528,46.3,203,0,No Failure
M,298.3,308.5,1434,46.2,148,0,No Failure
L,302.3,311.4,1333,66.7,205,1,Power Failure
L,296.6,307.5,1582,37.9,197,0,No Failure
L,298.7,310.2,1404,50.3,54,0,No Failure
H,297.8,309,1410,48.8,23,0,No Failure
L,297.4,309.4,1401,45.9,49,0,No Failure
L,297.2,308.3,1379,52.1,21,0,No Failure
L,299,310.1,1618,29.2,62,0,No Failure
L,298.9,310,1378,49.3,18,0,No Failure
L,296.8,308,1391,54.4,17,0,No Failure
M,297.6,308.5,1552,40.9,90,0,No Failure
M,295.6,306.3,1426,45.5,53,0,No Failure
M,297.7,309,1531,42.4,38,0,No Failure
L,297.5,308.4,1528,39.9,160,0,No Failure
L,299,309.1,1592,35,200,0,No Failure
L,297.4,308.4,1394,50.1,213,0,No Failure
L,297.5,309.2,1715,28,30,0,No Failure
M,300.5,311.1,1296,61.3,202,1,Overstrain Failure
L,297.9,308.1,1531,40.8,2,0,No Failure
M,298.1,308.3,1680,33.7,185,0,No Failure
L,298.2,308.2,1469,43,88,0,No Failure
M,297.2,308.3,1429,42,6,0,No Failure
L,298.9,310.2,1362,53,185,0,No Failure
L,298.7,308.6,1297,55.3,148,0,No Failure
L,299,309.4,1798,25.5,89,0,No Failure
L,298.8,309.1,1439,39.2,104,0,No Failure
M,298.8,308.6,1486,41.9,92,0,No Failure
H,297.5,308.5,1393,46.6,56,0,No Failure
L,297.3,308.5,1350,57.6,186,0,No Failure
L,299,310.3,1428,46.3,175,0,No Failure
L,298.3,308.1,1412,52.3,218,1,Overstrain Failure
M,303.6,311.8,1421,44.8,101,1,No Failure
M,298.2,308.5,2678,10.7,86,1,Power Failure
M,298.4,308.7,1421,60.7,119,1,Power Failure
L,296.9,308.1,1741,28.8,60,0,No Failure
L,297.8,307.3,1327,61,186,1,Overstrain Failure
L,297.8,309.7,1341,49.2,208,0,No Failure
M,298.8,309.2,1452,48.6,98,0,No Failure
L,298,307.8,1414,51.7,140,0,No Failure
L,296.7,307.8,1505,39.4,236,0,No Failure
L,298.7,310.2,1402,45.9,30,0,No Failure
L,298.7,309.8,1181,65.9,203,1,Overstrain Failure
L,298.4,308.9,1706,29.5,107,0,No Failure
L,298.7,309.8,1546,40.9,109,0,No Failure
L,296.5,307.6,1415,44.2,106,0,No Failure
L,298.1,308.4,1438,45.6,105,0,No Failure
L,297.4,308.6,1439,46.4,114,0,No Failure
L,296.4,307.3,1487,37.5,83,0,No Failure
M,298.4,308.1,1495,46,203,0,No Failure
L,298.1,309,1557,36,56,0,No Failure
L,297,307.8,1553,33.3,155,0,No Failure
L,297.4,309,1568,33.7,175,0,No Failure
L,299,309.9,1373,55.7,201,1,Overstrain Failure
M,296.7,307.8,1537,36.3,233,0,No Failure
L,297.4,308.4,2151,17.7,0,0,No Failure
L,297.4,309,1324,56.9,173,0,No Failure
L,298.4,308.9,1391,48.4,100,0,No Failure
L,296.2,307.3,1881,24.3,40,0,No Failure
L,298.8,309.9,1550,38.8,53,0,No Failure
L,297.4,308.3,1571,37.7,162,0,No Failure
L,296.6,307.6,1671,28.8,108,0,No Failure
L,298.5,309.6,1582,40.3,103,0,No Failure
L,295.8,306.5,1568,35.1,111,0,No Failure
L,297,307.8,1683,32.3,197,0,No Failure
M,301.5,310.4,2639,12,21,1,Power Failure
L,298.1,309,1559,34,54,0,No Failure
L,298.9,310.1,1750,25,156,0,No Failure
L,298,308.3,1662,32.7,0,0,No Failure
M,296.9,308,1409,50.7,43,0,No Failure
H,297.3,308.7,1478,47.6,98,0,No Failure
L,298.8,310.1,1607,39.5,105,0,No Failure
M,297.4,308.6,1643,31,89,0,No Failure
M,297.3,308.8,1586,32.7,131,0,No Failure
M,295.7,306.3,1347,50.4,46,0,No Failure
L,298.8,309.3,1450,44.8,63,0,No Failure
L,297.2,308.6,1924,22.1,163,0,No Failure
L,298.4,309.6,1710,27.3,163,1,No Failure
M,297.6,308.3,1467,36.7,68,0,No Failure
L,296.8,308,1536,40.4,217,0,No Failure
L,295.7,306.3,1490,34.3,97,0,No Failure
L,299,310.3,1472,36.1,97,0,No Failure
L,298.3,308.6,1499,38.3,142,0,No Failure
L,301.8,310.2,2825,5.8,215,1,Power Failure
L,297.6,309.4,1326,49.8,199,0,No Failure
M,297.3,308.6,1431,53,160,0,No Failure
H,297.5,308.6,1440,46.1,84,0,No Failure
L,298.5,308.9,1781,27.8,113,0,No Failure
H,303.7,311.9,1332,52.7,66,1,Heat Dissipation Failure
L,298.7,309.9,1593,42.5,146,0,No Failure
M,297.3,308.4,1665,28.9,17,0,No Failure
L,295.8,306.4,1356,48,99,0,No Failure
L,295.5,306,1546,35.9,169,0,No Failure
L,302.1,310.7,1325,45.1,208,1,Heat Dissipation Failure
L,297.4,309.2,1620,33.2,28,0,No Failure
L,295.5,306,1621,29.5,176,0,No Failure
L,298.8,309.9,1482,39.1,45,0,No Failure
M,296.9,307.8,1544,40.3,150,0,No Failure
M,295.4,305.9,1518,40.6,178,0,No Failure
M,297.5,309.5,1448,43.7,46,0,No Failure
L,298.2,308.2,1466,42.4,164,0,No Failure
L,302.3,311.8,1369,56.2,208,1,Overstrain Failure
L,298,309.6,1403,51.3,122,0,No Failure
M,296.9,307.9,1979,20.4,68,0,No Failure
L,298.2,308.2,1446,38.2,61,0,No Failure
M,299.1,309.5,1339,48.2,86,0,No Failure
M,296.8,308.1,1843,24.2,212,0,No Failure
L,298.2,308.4,1388,53.8,137,0,No Failure
L,298.8,308.9,1379,46.7,204,0,No Failure
L,298.9,310.1,1602,38.2,58,0,No Failure
M,298.6,309.1,1339,51.1,34,0,No Failure
L,298.9,308.7,1546,43.4,114,0,No Failure
L,303.3,311.6,1301,45.1,219,1,Heat Dissipation Failure
L,298.4,309,2304,15.1,89,0,No Failure
L,297.4,308.2,1471,46.5,25,0,No Failure
L,296,306.7,1917,21,127,0,No Failure
L,299,310.3,1868,24,221,0,No Failure
L,298.9,310.2,1445,40,129,0,No Failure
L,297,308.1,1489,44.1,96,0,No Failure
L,296.9,307.5,2721,9.3,18,1,Power Failure
M,296.6,307.7,1474,52.6,101,0,No Failure
L,298.8,309.1,1393,52.6,167,0,No Failure
L,298.9,308.8,1529,32.7,53,0,No Failure
L,297.5,308.2,1563,38.2,15,0,No Failure
M,297.4,308.5,1600,42.1,190,0,No Failure
L,300.7,310.4,1416,61.8,209,1,Power Failure
L,297.9,309.4,1558,35.7,39,0,No Failure
L,298.2,308.3,2051,19.2,90,0,No Failure
L,296.8,307.8,1480,39.4,122,0,No Failure
H,297.6,308.3,1400,44.3,43,0,No Failure
M,296.4,307.2,2071,19.4,183,0,No Failure
L,303.6,311.8,1222,66.8,148,1,Heat Dissipation Failure
L,295.8,306.6,1644,35.2,115,0,No Failure
L,298.3,308.5,1362,53.8,164,0,No Failure
L,297.4,308.1,1749,25.9,8,0,No Failure
L,298.2,308.3,1568,36,92,0,No Failure
H,297.7,309.7,1616,31.1,20,0,No Failure
L,300.7,311.1,2478,13.4,170,1,Power Failure
L,295.5,306.1,1573,35.1,129,0,No Failure
L,297.9,307.7,1590,34.6,57,0,No Failure
L,298.8,308.8,1523,44.4,55,0,No Failure
L,297.5,308.9,1466,43,15,0,No Failure
L,296.3,307.4,1472,39.9,51,0,No Failure
L,297.4,308.6,1459,41.3,196,0,No Failure
L,297.6,309.5,1549,34.9,68,0,No Failure
M,295.6,306.1,1669,29,161,0,No Failure
L,296.5,307.4,1523,40.7,85,0,No Failure
L,298.7,309.9,1541,38.5,208,0,No Failure
L,298.6,309.7,1356,54,6,0,No Failure
M,303,312.2,1257,71.3,122,1,Power Failure
L,297.9,308,1954,21.1,42,0,No Failure
H,298.2,308.4,1385,42.2,98,0,No Failure
L,297.4,308.6,1439,51.9,188,0,No Failure
M,302.2,310.1,1368,51.6,12,1,Heat Dissipation Failure
M,296.7,307.4,1533,32.5,182,0,No Failure
H,296.9,308.3,1474,39.2,177,0,No Failure
L,296.9,307.9,1359,56.5,110,0,No Failure
L,298.3,309.9,1507,41.6,112,0,No Failure
L,303.4,311.9,1298,63.9,59,1,Heat Dissipation Failure
M,298,308.2,1395,49.1,206,0,No Failure
M,298,308.2,1466,42.6,2,0,No Failure
L,298.9,309,1601,32.3,202,0,No Failure
L,297.4,308.7,1433,43.4,116,0,No Failure
L,297.6,309.2,1611,33.1,155,0,No Failure
L,297.5,309.3,1564,37.5,20,0,No Failure
L,296.6,307.5,1485,42.7,204,0,No Failure
M,296.7,307.7,1597,32.1,114,0,No Failure
L,298.3,308.4,1484,43.4,172,0,No Failure
L,296.3,307.2,1637,31.6,27,0,No Failure
L,297.9,309.5,1390,47.9,127,0,No Failure
M,297.3,309,1556,39.5,168,0,No Failure
L,298.7,310.1,1786,27.7,114,0,No Failure
M,297.6,308.8,1416,45.9,101,0,No Failure
L,301.5,310.9,2760,8,15,1,Power Failure
L,297.5,309.3,1675,29.8,72,0,No Failure
H,297.6,309.6,1419,48.2,215,0,No Failure
L,295.8,306.5,1505,35.2,86,0,No Failure
L,297.4,308.6,1324,59.1,118,0,No Failure
L,296.8,307.8,1565,39.5,124,0,No Failure
L,298.2,308.2,1667,30.6,59,0,No Failure
L,295.5,306.1,1488,40.7,31,0,No Failure
M,303.7,312,2663,11.4,71,1,Power Failure
L,301.4,309.9,1259,63.9,20,1,Heat Dissipation Failure
M,297.9,308.5,1449,40.8,157,0,No Failure
L,297.5,308.5,1722,30.4,178,0,No Failure
L,301.7,310.2,1311,57.4,40,1,Heat Dissipation Failure
L,303.4,312.2,1337,69.4,52,1,Power Failure
L,298.9,310.1,1361,51.7,192,0,No Failure
M,297.5,308.7,1697,28.1,107,0,No Failure
L,296.7,308.1,1450,40.9,195,0,No Failure
L,297.5,308.3,1388,48.6,27,0,No Failure
H,302.6,311.5,1629,34.4,228,1,Tool Wear Failure
L,303.7,312.7,1359,56.8,194,1,Overstrain Failure
H,298.7,308.5,1420,45.7,143,0,No Failure
L,299.5,309.4,1390,58.8,195,1,Overstrain Failure
L,298.2,308.3,1400,48.7,194,0,No Failure
L,296.8,308,1666,29.8,41,0,No Failure
M,302,310.4,1212,55.6,79,1,Heat Dissipation Failure
L,297.9,307.8,1373,50.2,130,0,No Failure
L,301.8,310.6,2672,11.8,124,1,Power Failure
M,297.5,308.6,1842,27,133,0,No Failure
L,298.8,309.8,1363,44,25,0,No Failure
L,298.8,309.9,1486,40.3,126,0,No Failure
L,296.2,307.1,1441,41.7,3,0,No Failure
M,297.5,308.3,1622,37.2,103,0,No Failure
L,302,310.1,1361,45.4,174,1,Heat Dissipation Failure
L,299,310.3,1475,42.4,93,0,No Failure
L,298,308.2,1348,58.8,202,1,Overstrain Failure
L,298,308.7,1771,26.2,206,0,No Failure
L,298.8,309.1,1477,42.4,158,0,No Failure
L,298.7,309.8,1322,57,140,0,No Failure
L,297.3,308.3,1484,43.9,13,0,No Failure
